CTYNAME,MEDIAN_AGE_TOT
Autauga,39.2
Baldwin,44.1
Barbour,41.5
Bibb,40.9
Blount,41.2
Bullock,39.8
Butler,42.2
Calhoun,39.3
Chambers,43.3
Cherokee,47.9
Chilton,39.7
Choctaw,47.0
Clarke,42.6
Clay,44.3
Cleburne,41.9
Coffee,39.3
Colbert,42.3
Conecuh,46.2
Coosa,50.6
Covington,43.2
Crenshaw,41.2
Cullman,41.0
Dale,38.0
Dallas,41.3
DeKalb,40.1
Elmore,39.5
Escambia,40.1
Etowah,42.0
Fayette,43.3
Franklin,39.2
Geneva,42.9
Greene,43.9
Hale,40.1
Henry,45.0
Houston,40.3
Jackson,43.7
Jefferson,37.9
Lamar,44.3
Lauderdale,40.3
Lawrence,42.4
Lee,33.8
Limestone,40.3
Lowndes,42.3
Macon,38.3
Madison,38.5
Marengo,42.1
Marion,43.7
Marshall,38.4
Mobile,38.3
Monroe,43.9
Montgomery,36.9
Morgan,40.7
Perry,40.8
Pickens,41.8
Pike,31.5
Randolph,43.8
Russell,37.3
St. Clair,40.9
Shelby,40.4
Sumter,34.6
Talladega,42.1
Tallapoosa,46.3
Tuscaloosa,32.9
Walker,41.8
Washington,43.4
Wilcox,42.4
Winston,45.4
Aleutians East Borough,44.4
Aleutians West Census Area,42.1
Anchorage Municipality,35.1
Bethel Census Area,27.7
Bristol Bay Borough,39.0
Chugach Census Area,39.5
Copper River Census Area,41.0
Denali Borough,40.6
Dillingham Census Area,31.4
Fairbanks North Star Borough,32.8
Haines Borough,48.9
Hoonah-Angoon Census Area,51.4
Juneau City and Borough,39.8
Kenai Peninsula Borough,41.2
Ketchikan Gateway Borough,40.6
Kodiak Island Borough,35.8
Kusilvak Census Area,23.3
Lake and Peninsula Borough,35.2
Matanuska-Susitna Borough,36.6
Nome Census Area,29.1
North Slope Borough,35.6
Northwest Arctic Borough,27.8
Petersburg Borough,42.9
Prince of Wales-Hyder Census Area,43.7
Sitka City and Borough,40.6
Skagway Municipality,43.5
Southeast Fairbanks Census Area,37.5
Wrangell City and Borough,50.2
Yakutat City and Borough,44.0
Yukon-Koyukuk Census Area,36.8
Apache,36.3
Cochise,42.3
Coconino,32.7
Gila,51.2
Graham,34.1
Greenlee,35.4
La Paz,58.5
Maricopa,37.5
Mohave,53.3
Navajo,39.1
Pima,39.5
Pinal,40.1
Santa Cruz,37.7
Yavapai,55.1
Yuma,35.8
Arkansas,42.5
Ashley,43.8
Baxter,51.5
Benton,36.0
Boone,41.9
Bradley,40.7
Calhoun,45.4
Carroll,44.4
Chicot,43.5
Clark,32.1
Clay,43.1
Cleburne,49.5
Cleveland,44.0
Columbia,35.2
Conway,42.2
Craighead,34.6
Crawford,39.6
Crittenden,35.9
Cross,40.9
Dallas,46.6
Desha,40.4
Drew,37.7
Faulkner,34.0
Franklin,42.2
Fulton,47.1
Garland,45.8
Grant,41.6
Greene,38.4
Hempstead,40.0
Hot Spring,42.7
Howard,39.0
Independence,39.4
Izard,47.2
Jackson,39.7
Jefferson,39.7
Johnson,38.7
Lafayette,47.8
Lawrence,40.2
Lee,40.8
Lincoln,38.8
Little River,43.3
Logan,44.3
Lonoke,37.5
Madison,41.0
Marion,51.7
Miller,39.0
Mississippi,36.9
Monroe,45.4
Montgomery,51.1
Nevada,43.4
Newton,48.9
Ouachita,42.8
Perry,44.4
Phillips,40.8
Pike,43.2
Poinsett,39.7
Polk,44.4
Pope,36.9
Prairie,45.8
Pulaski,37.9
Randolph,39.3
St. Francis,39.3
Saline,40.4
Scott,42.8
Searcy,48.5
Sebastian,38.0
Sevier,35.0
Sharp,47.0
Stone,48.7
Union,40.7
Van Buren,49.4
Washington,32.7
White,38.5
Woodruff,45.3
Yell,40.3
Alameda,39.3
Alpine,47.1
Amador,49.6
Butte,36.5
Calaveras,51.1
Colusa,36.2
Contra Costa,40.7
Del Norte,41.2
El Dorado,46.2
Fresno,33.3
Glenn,36.4
Humboldt,39.9
Imperial,33.0
Inyo,44.7
Kern,32.5
Kings,32.6
Lake,43.9
Lassen,38.4
Los Angeles,38.2
Madera,34.7
Marin,48.2
Mariposa,51.0
Mendocino,44.2
Merced,31.9
Modoc,50.8
Mono,42.0
Monterey,35.7
Napa,42.9
Nevada,50.3
Orange,39.4
Placer,42.4
Plumas,53.2
Riverside,36.8
Sacramento,37.4
San Benito,36.5
San Bernardino,34.4
San Diego,37.2
San Francisco,40.5
San Joaquin,35.3
San Luis Obispo,40.6
San Mateo,41.3
Santa Barbara,34.5
Santa Clara,38.2
Santa Cruz,39.7
Shasta,41.4
Sierra,53.7
Siskiyou,47.4
Solano,39.1
Sonoma,43.3
Stanislaus,34.8
Sutter,36.8
Tehama,40.3
Trinity,52.0
Tulare,32.0
Tuolumne,47.7
Ventura,39.7
Yolo,31.5
Yuba,33.9
Adams,34.8
Alamosa,32.4
Arapahoe,37.4
Archuleta,51.4
Baca,43.2
Bent,41.8
Boulder,37.7
Broomfield,38.6
Chaffee,47.0
Cheyenne,42.4
Clear Creek,48.2
Conejos,39.6
Costilla,49.8
Crowley,39.1
Custer,57.8
Delta,47.9
Denver,35.1
Dolores,46.6
Douglas,39.6
Eagle,40.4
Elbert,44.7
El Paso,35.1
Fremont,44.2
Garfield,37.7
Gilpin,48.3
Grand,45.2
Gunnison,36.8
Hinsdale,56.6
Huerfano,53.7
Jackson,49.1
Jefferson,40.5
Kiowa,43.8
Kit Carson,40.3
Lake,37.9
La Plata,42.9
Larimer,37.0
Las Animas,46.2
Lincoln,40.0
Logan,39.7
Mesa,41.0
Mineral,52.5
Moffat,38.7
Montezuma,44.5
Montrose,46.0
Morgan,36.0
Otero,40.3
Ouray,54.1
Park,51.1
Phillips,41.6
Pitkin,46.6
Prowers,37.3
Pueblo,39.8
Rio Blanco,39.4
Rio Grande,41.8
Routt,43.4
Saguache,49.1
San Juan,47.4
San Miguel,44.2
Sedgwick,49.9
Summit,40.7
Teller,51.0
Washington,41.6
Weld,35.3
Yuma,37.5
Capitol Planning Region,39.7
Greater Bridgeport Planning Region,40.6
Lower Connecticut River Valley Planning Region,45.6
Naugatuck Valley Planning Region,41.2
Northeastern Connecticut Planning Region,42.6
Northwest Hills Planning Region,45.0
South Central Connecticut Planning Region,40.0
Southeastern Connecticut Planning Region,41.7
Western Connecticut Planning Region,41.2
Kent,38.6
New Castle,39.3
Sussex,52.7
District of Columbia,34.8
Alachua,32.4
Baker,37.6
Bay,41.2
Bradford,40.4
Brevard,47.0
Broward,41.5
Calhoun,41.4
Charlotte,60.2
Citrus,57.0
Clay,40.5
Collier,53.0
Columbia,41.4
DeSoto,42.5
Dixie,46.4
Duval,36.9
Escambia,37.9
Flagler,53.0
Franklin,49.7
Gadsden,42.7
Gilchrist,42.5
Glades,47.4
Gulf,46.8
Hamilton,41.4
Hardee,35.5
Hendry,35.4
Hernando,47.4
Highlands,54.3
Hillsborough,37.9
Holmes,42.2
Indian River,55.6
Jackson,42.2
Jefferson,48.0
Lafayette,41.2
Lake,46.7
Lee,49.4
Leon,31.8
Levy,47.5
Liberty,40.5
Madison,44.6
Manatee,50.0
Marion,48.4
Martin,53.6
Miami-Dade,41.0
Monroe,49.0
Nassau,46.4
Okaloosa,37.6
Okeechobee,41.7
Orange,36.6
Osceola,37.0
Palm Beach,45.6
Pasco,43.5
Pinellas,49.3
Polk,39.5
Putnam,45.2
St. Johns,44.3
St. Lucie,45.2
Santa Rosa,40.2
Sarasota,57.5
Seminole,39.8
Sumter,68.1
Suwannee,43.0
Taylor,42.4
Union,38.5
Volusia,46.8
Wakulla,41.1
Walton,44.1
Washington,41.5
Appling,39.4
Atkinson,36.6
Bacon,37.8
Baker,47.9
Baldwin,36.4
Banks,41.2
Barrow,36.2
Bartow,38.2
Ben Hill,39.6
Berrien,40.0
Bibb,36.6
Bleckley,40.1
Brantley,40.7
Brooks,43.5
Bryan,35.0
Bulloch,30.1
Burke,39.2
Butts,38.3
Calhoun,40.5
Camden,34.2
Candler,38.9
Carroll,35.3
Catoosa,41.3
Charlton,38.9
Chatham,37.3
Chattahoochee,25.4
Chattooga,40.8
Cherokee,40.2
Clarke,29.1
Clay,46.9
Clayton,33.6
Clinch,37.4
Cobb,37.7
Coffee,36.2
Colquitt,37.3
Columbia,37.8
Cook,38.1
Coweta,39.7
Crawford,44.7
Crisp,40.4
Dade,43.0
Dawson,42.5
Decatur,38.7
DeKalb,36.7
Dodge,42.9
Dooly,45.6
Dougherty,36.4
Douglas,36.8
Early,41.2
Echols,37.5
Effingham,36.6
Elbert,42.2
Emanuel,37.3
Evans,38.0
Fannin,54.3
Fayette,43.3
Floyd,37.9
Forsyth,39.7
Franklin,40.0
Fulton,36.4
Gilmer,49.9
Glascock,43.2
Glynn,43.7
Gordon,39.2
Grady,40.6
Greene,52.7
Gwinnett,36.2
Habersham,39.4
Hall,38.0
Hancock,47.6
Haralson,38.4
Harris,43.0
Hart,45.1
Heard,40.5
Henry,37.2
Houston,36.1
Irwin,40.9
Jackson,38.0
Jasper,41.0
Jeff Davis,37.9
Jefferson,40.0
Jenkins,38.6
Johnson,42.9
Jones,41.2
Lamar,38.5
Lanier,37.6
Laurens,39.2
Lee,37.3
Liberty,28.3
Lincoln,48.2
Long,33.2
Lowndes,31.3
Lumpkin,36.2
McDuffie,39.5
McIntosh,52.2
Macon,40.9
Madison,40.0
Marion,45.4
Meriwether,43.0
Miller,43.3
Mitchell,40.2
Monroe,42.3
Montgomery,39.5
Morgan,43.1
Murray,38.8
Muscogee,35.3
Newton,36.6
Oconee,40.8
Oglethorpe,42.4
Paulding,36.8
Peach,37.9
Pickens,46.7
Pierce,39.6
Pike,40.0
Polk,37.1
Pulaski,44.0
Putnam,48.4
Quitman,54.0
Rabun,51.1
Randolph,46.0
Richmond,35.1
Rockdale,39.3
Schley,42.1
Screven,43.7
Seminole,46.7
Spalding,39.0
Stephens,41.7
Stewart,35.6
Sumter,36.6
Talbot,50.7
Taliaferro,49.5
Tattnall,37.8
Taylor,45.0
Telfair,41.3
Terrell,41.4
Thomas,40.3
Tift,36.6
Toombs,36.6
Towns,57.6
Treutlen,38.9
Troup,37.5
Turner,39.0
Twiggs,48.4
Union,56.2
Upson,40.7
Walker,41.7
Walton,39.4
Ware,37.7
Warren,44.9
Washington,40.3
Wayne,37.9
Webster,48.9
Wheeler,39.4
White,45.5
Whitfield,36.6
Wilcox,41.7
Wilkes,45.5
Wilkinson,42.9
Worth,42.2
Hawaii,43.5
Honolulu,39.6
Kalawao,56.3
Kauai,43.1
Maui,42.9
Ada,38.7
Adams,53.3
Bannock,35.1
Bear Lake,39.7
Benewah,45.1
Bingham,34.7
Blaine,45.9
Boise,53.0
Bonner,48.2
Bonneville,33.5
Boundary,43.6
Butte,45.2
Camas,46.4
Canyon,34.9
Caribou,37.7
Cassia,32.9
Clark,39.2
Clearwater,52.1
Custer,52.1
Elmore,33.5
Franklin,34.0
Fremont,39.7
Gem,43.9
Gooding,38.3
Idaho,49.4
Jefferson,32.7
Jerome,34.1
Kootenai,40.9
Latah,30.9
Lemhi,52.3
Lewis,47.5
Lincoln,36.2
Madison,20.9
Minidoka,34.9
Nez Perce,41.3
Oneida,40.3
Owyhee,39.0
Payette,39.4
Power,34.5
Shoshone,44.7
Teton,40.7
Twin Falls,36.3
Valley,49.2
Washington,44.9
Adams,41.4
Alexander,47.5
Bond,40.0
Boone,40.2
Brown,38.2
Bureau,44.4
Calhoun,48.3
Carroll,45.6
Cass,40.2
Champaign,31.1
Christian,43.1
Clark,42.4
Clay,42.4
Clinton,41.2
Coles,37.6
Cook,38.2
Crawford,42.1
Cumberland,43.1
DeKalb,32.4
De Witt,43.3
Douglas,39.1
DuPage,40.4
Edgar,46.0
Edwards,44.4
Effingham,39.9
Fayette,40.9
Ford,41.2
Franklin,43.2
Fulton,43.5
Gallatin,46.4
Greene,44.1
Grundy,38.8
Hamilton,42.7
Hancock,45.4
Hardin,50.0
Henderson,50.7
Henry,43.6
Iroquois,44.2
Jackson,32.3
Jasper,43.4
Jefferson,41.4
Jersey,43.5
Jo Daviess,51.6
Johnson,42.1
Kane,39.0
Kankakee,39.1
Kendall,36.3
Knox,42.7
Lake,39.4
LaSalle,42.2
Lawrence,41.0
Lee,43.5
Livingston,41.4
Logan,40.7
McDonough,35.3
McHenry,40.8
McLean,34.3
Macon,41.2
Macoupin,44.2
Madison,40.5
Marion,41.4
Marshall,45.8
Mason,45.1
Massac,44.8
Menard,43.8
Mercer,44.4
Monroe,43.2
Montgomery,42.7
Morgan,42.4
Moultrie,40.2
Ogle,42.2
Peoria,38.4
Perry,41.8
Piatt,43.1
Pike,42.2
Pope,56.3
Pulaski,44.3
Putnam,46.7
Randolph,42.8
Richland,42.5
Rock Island,40.6
St. Clair,39.6
Saline,43.9
Sangamon,41.2
Schuyler,46.5
Scott,44.8
Shelby,45.2
Stark,44.4
Stephenson,45.4
Tazewell,41.8
Union,44.7
Vermilion,41.0
Wabash,43.5
Warren,40.0
Washington,44.3
Wayne,43.3
White,44.4
Whiteside,43.1
Will,39.1
Williamson,42.0
Winnebago,39.7
Woodford,41.0
Adams,33.5
Allen,36.1
Bartholomew,37.9
Benton,40.1
Blackford,43.4
Boone,38.6
Brown,51.4
Carroll,43.0
Cass,41.4
Clark,39.7
Clay,41.2
Clinton,37.6
Crawford,45.5
Daviess,34.6
Dearborn,42.7
Decatur,39.8
DeKalb,39.2
Delaware,35.6
Dubois,40.9
Elkhart,35.8
Fayette,42.8
Floyd,40.2
Fountain,42.9
Franklin,42.6
Fulton,41.7
Gibson,39.9
Grant,39.7
Greene,43.1
Hamilton,38.3
Hancock,40.4
Harrison,42.5
Hendricks,38.6
Henry,42.2
Howard,40.6
Huntington,40.9
Jackson,40.0
Jasper,41.5
Jay,40.2
Jefferson,42.0
Jennings,40.6
Johnson,38.0
Knox,39.1
Kosciusko,39.1
LaGrange,32.3
Lake,39.9
LaPorte,41.1
Lawrence,43.0
Madison,40.8
Marion,34.6
Marshall,40.2
Martin,42.9
Miami,40.7
Monroe,31.1
Montgomery,40.2
Morgan,42.3
Newton,43.5
Noble,39.5
Ohio,46.2
Orange,42.7
Owen,45.0
Parke,41.5
Perry,41.5
Pike,43.2
Porter,40.9
Posey,43.4
Pulaski,43.4
Putnam,38.9
Randolph,42.7
Ripley,41.1
Rush,42.1
St. Joseph,36.7
Scott,40.7
Shelby,41.6
Spencer,43.8
Starke,42.7
Steuben,43.8
Sullivan,41.8
Switzerland,42.3
Tippecanoe,28.8
Tipton,44.6
Union,43.9
Vanderburgh,38.8
Vermillion,42.9
Vigo,36.3
Wabash,43.4
Warren,43.5
Warrick,41.1
Washington,41.8
Wayne,40.8
Wells,39.8
White,42.8
Whitley,41.5
Adair,43.3
Adams,46.2
Allamakee,43.5
Appanoose,45.1
Audubon,46.2
Benton,42.5
Black Hawk,35.6
Boone,42.5
Bremer,39.4
Buchanan,40.1
Buena Vista,36.1
Butler,43.7
Calhoun,43.0
Carroll,41.8
Cass,43.6
Cedar,44.0
Cerro Gordo,44.2
Cherokee,44.4
Chickasaw,43.6
Clarke,40.0
Clay,42.3
Clayton,46.0
Clinton,42.3
Crawford,38.6
Dallas,36.0
Davis,36.9
Decatur,37.5
Delaware,43.4
Des Moines,42.2
Dickinson,48.6
Dubuque,39.1
Emmet,44.1
Fayette,43.2
Floyd,43.0
Franklin,42.9
Fremont,45.4
Greene,43.9
Grundy,41.9
Guthrie,45.8
Hamilton,43.1
Hancock,44.5
Hardin,45.3
Harrison,42.5
Henry,40.6
Howard,40.9
Humboldt,41.8
Ida,41.6
Iowa,42.2
Jackson,44.4
Jasper,41.3
Jefferson,45.3
Johnson,31.1
Jones,43.8
Keokuk,43.0
Kossuth,44.9
Lee,43.5
Linn,39.0
Louisa,43.0
Lucas,43.6
Lyon,38.2
Madison,41.2
Mahaska,39.6
Marion,40.3
Marshall,38.1
Mills,43.3
Mitchell,42.2
Monona,44.5
Monroe,42.0
Montgomery,43.5
Muscatine,39.5
O'Brien,41.0
Osceola,43.8
Page,45.0
Palo Alto,42.0
Plymouth,41.0
Pocahontas,44.9
Polk,36.3
Pottawattamie,40.4
Poweshiek,40.7
Ringgold,43.0
Sac,44.7
Scott,39.3
Shelby,45.1
Sioux,34.4
Story,26.6
Tama,41.7
Taylor,41.8
Union,41.4
Van Buren,43.6
Wapello,39.5
Warren,38.8
Washington,40.3
Wayne,40.8
Webster,39.1
Winnebago,41.5
Winneshiek,43.1
Woodbury,36.2
Worth,44.2
Wright,42.1
Allen,40.8
Anderson,41.4
Atchison,36.9
Barber,43.6
Barton,40.3
Bourbon,38.5
Brown,41.0
Butler,38.4
Chase,44.4
Chautauqua,45.0
Cherokee,42.1
Cheyenne,44.5
Clark,41.1
Clay,43.4
Cloud,40.2
Coffey,43.7
Comanche,44.3
Cowley,39.1
Crawford,33.5
Decatur,50.2
Dickinson,42.5
Doniphan,41.5
Douglas,31.4
Edwards,43.9
Elk,48.4
Ellis,33.1
Ellsworth,43.1
Finney,31.9
Ford,32.0
Franklin,40.2
Geary,26.9
Gove,41.9
Graham,47.5
Grant,34.4
Gray,35.4
Greeley,38.6
Greenwood,47.5
Hamilton,37.0
Harper,42.1
Harvey,40.0
Haskell,37.1
Hodgeman,42.1
Jackson,40.8
Jefferson,43.8
Jewell,51.2
Johnson,38.6
Kearny,35.9
Kingman,42.6
Kiowa,40.6
Labette,41.1
Lane,44.4
Leavenworth,38.3
Lincoln,45.9
Linn,45.5
Logan,40.3
Lyon,33.3
McPherson,39.7
Marion,43.4
Marshall,42.4
Meade,38.5
Miami,41.6
Mitchell,42.0
Montgomery,40.7
Morris,45.6
Morton,41.6
Nemaha,38.7
Neosho,40.1
Ness,45.4
Norton,41.6
Osage,42.7
Osborne,45.2
Ottawa,43.0
Pawnee,46.2
Phillips,45.5
Pottawatomie,36.1
Pratt,39.3
Rawlins,45.4
Reno,40.8
Republic,46.1
Rice,39.2
Riley,25.2
Rooks,44.1
Rush,46.7
Russell,44.6
Saline,40.4
Scott,38.6
Sedgwick,36.3
Seward,30.5
Shawnee,40.0
Sheridan,42.3
Sherman,39.8
Smith,49.7
Stafford,41.6
Stanton,37.8
Stevens,36.8
Sumner,41.0
Thomas,35.5
Trego,49.3
Wabaunsee,43.8
Wallace,40.8
Washington,43.1
Wichita,40.1
Wilson,42.6
Woodson,46.8
Wyandotte,34.7
Adair,41.7
Allen,40.9
Anderson,41.1
Ballard,44.7
Barren,40.7
Bath,39.6
Bell,41.7
Boone,38.2
Bourbon,42.8
Boyd,42.3
Boyle,39.9
Bracken,41.5
Breathitt,43.0
Breckinridge,42.7
Bullitt,41.6
Butler,41.6
Caldwell,42.4
Calloway,35.4
Campbell,39.5
Carlisle,42.3
Carroll,37.7
Carter,41.9
Casey,42.1
Christian,28.4
Clark,41.1
Clay,40.1
Clinton,43.1
Crittenden,43.2
Cumberland,44.9
Daviess,38.7
Edmonson,45.5
Elliott,43.6
Estill,43.6
Fayette,35.5
Fleming,40.9
Floyd,42.4
Franklin,40.9
Fulton,41.1
Gallatin,38.8
Garrard,43.7
Grant,36.9
Graves,40.3
Grayson,40.8
Green,44.5
Greenup,44.1
Hancock,41.0
Hardin,37.6
Harlan,41.4
Harrison,41.5
Hart,40.3
Henderson,41.3
Henry,41.4
Hickman,48.1
Hopkins,41.0
Jackson,41.8
Jefferson,38.8
Jessamine,38.7
Johnson,42.4
Kenton,38.0
Knott,43.9
Knox,39.7
Larue,41.1
Laurel,40.2
Lawrence,41.5
Lee,42.6
Leslie,43.3
Letcher,43.7
Lewis,42.9
Lincoln,40.7
Livingston,46.3
Logan,40.1
Lyon,47.0
McCracken,42.2
McCreary,39.8
McLean,42.0
Madison,34.8
Magoffin,42.9
Marion,40.4
Marshall,45.2
Martin,39.7
Mason,41.5
Meade,40.0
Menifee,47.1
Mercer,42.6
Metcalfe,42.1
Monroe,41.9
Montgomery,39.9
Morgan,41.7
Muhlenberg,42.6
Nelson,40.3
Nicholas,40.1
Ohio,41.0
Oldham,40.2
Owen,43.7
Owsley,41.7
Pendleton,41.6
Perry,41.2
Pike,43.6
Powell,39.7
Pulaski,42.6
Robertson,45.9
Rockcastle,43.4
Rowan,31.9
Russell,43.4
Scott,36.7
Shelby,40.9
Simpson,39.4
Spencer,42.2
Taylor,37.7
Todd,37.6
Trigg,46.0
Trimble,42.5
Union,43.9
Warren,33.3
Washington,42.3
Wayne,44.5
Webster,41.2
Whitley,35.4
Wolfe,43.3
Woodford,43.4
Acadia Parish,37.5
Allen Parish,37.5
Ascension Parish,36.8
Assumption Parish,43.0
Avoyelles Parish,39.0
Beauregard Parish,37.3
Bienville Parish,42.6
Bossier Parish,37.0
Caddo Parish,39.5
Calcasieu Parish,37.5
Caldwell Parish,39.4
Cameron Parish,41.4
Catahoula Parish,40.9
Claiborne Parish,42.6
Concordia Parish,39.1
De Soto Parish,40.6
East Baton Rouge Parish,34.3
East Carroll Parish,36.8
East Feliciana Parish,43.8
Evangeline Parish,36.7
Franklin Parish,39.6
Grant Parish,37.7
Iberia Parish,37.9
Iberville Parish,40.1
Jackson Parish,42.4
Jefferson Parish,40.4
Jefferson Davis Parish,38.1
Lafayette Parish,36.9
Lafourche Parish,39.3
LaSalle Parish,37.6
Lincoln Parish,28.2
Livingston Parish,36.7
Madison Parish,37.4
Morehouse Parish,40.9
Natchitoches Parish,33.7
Orleans Parish,38.9
Ouachita Parish,37.0
Plaquemines Parish,38.1
Pointe Coupee Parish,43.7
Rapides Parish,38.3
Red River Parish,41.3
Richland Parish,39.3
Sabine Parish,41.8
St. Bernard Parish,36.4
St. Charles Parish,39.3
St. Helena Parish,42.0
St. James Parish,41.3
St. John the Baptist Parish,39.0
St. Landry Parish,37.3
St. Martin Parish,39.3
St. Mary Parish,40.7
St. Tammany Parish,40.8
Tangipahoa Parish,36.1
Tensas Parish,48.7
Terrebonne Parish,38.5
Union Parish,44.1
Vermilion Parish,38.7
Vernon Parish,32.1
Washington Parish,40.0
Webster Parish,41.9
West Baton Rouge Parish,37.1
West Carroll Parish,42.7
West Feliciana Parish,43.1
Winn Parish,41.6
Androscoggin,40.6
Aroostook,48.7
Cumberland,42.5
Franklin,45.6
Hancock,49.3
Kennebec,44.0
Knox,49.5
Lincoln,51.6
Oxford,48.0
Penobscot,42.9
Piscataquis,50.8
Sagadahoc,47.1
Somerset,47.0
Waldo,47.4
Washington,48.7
York,45.2
Allegany,41.6
Anne Arundel,39.1
Baltimore,39.8
Calvert,40.5
Caroline,40.3
Carroll,41.5
Cecil,40.8
Charles,38.9
Dorchester,44.7
Frederick,39.1
Garrett,47.6
Harford,40.7
Howard,39.6
Kent,49.3
Montgomery,40.5
Prince George's,38.9
Queen Anne's,44.9
St. Mary's,37.3
Somerset,38.5
Talbot,51.3
Washington,40.7
Wicomico,36.3
Worcester,51.1
Baltimore city,36.4
Barnstable,55.6
Berkshire,48.0
Bristol,41.1
Dukes,49.8
Essex,41.1
Franklin,47.1
Hampden,39.5
Hampshire,37.4
Middlesex,39.1
Nantucket,41.8
Norfolk,40.9
Plymouth,43.1
Suffolk,34.2
Worcester,40.4
Alcona,58.9
Alger,49.0
Allegan,40.7
Alpena,47.6
Antrim,51.8
Arenac,50.1
Baraga,45.1
Barry,42.9
Bay,43.7
Benzie,50.6
Berrien,42.8
Branch,41.0
Calhoun,40.0
Cass,45.3
Charlevoix,50.5
Cheboygan,52.2
Chippewa,40.6
Clare,48.5
Clinton,41.7
Crawford,51.3
Delta,47.9
Dickinson,45.9
Eaton,41.7
Emmet,46.7
Genesee,40.9
Gladwin,50.8
Gogebic,51.6
Grand Traverse,43.4
Gratiot,39.4
Hillsdale,42.8
Houghton,32.4
Huron,49.6
Ingham,32.8
Ionia,39.0
Iosco,53.5
Iron,53.6
Isabella,29.9
Jackson,41.1
Kalamazoo,34.9
Kalkaska,44.5
Kent,36.1
Keweenaw,56.2
Lake,52.4
Lapeer,44.6
Leelanau,55.8
Lenawee,42.3
Livingston,44.0
Luce,48.4
Mackinac,52.6
Macomb,41.2
Manistee,50.0
Marquette,39.3
Mason,47.0
Mecosta,40.3
Menominee,49.7
Midland,42.1
Missaukee,43.2
Monroe,42.8
Montcalm,41.0
Montmorency,56.6
Muskegon,39.9
Newaygo,42.9
Oakland,41.5
Oceana,44.0
Ogemaw,50.5
Ontonagon,59.2
Osceola,43.6
Oscoda,52.3
Otsego,44.4
Ottawa,36.4
Presque Isle,56.0
Roscommon,57.2
Saginaw,41.0
St. Clair,44.3
St. Joseph,40.0
Sanilac,45.6
Schoolcraft,52.4
Shiawassee,43.0
Tuscola,44.8
Van Buren,41.9
Washtenaw,35.1
Wayne,37.8
Wexford,42.1
Aitkin,57.2
Anoka,39.0
Becker,43.0
Beltrami,35.2
Benton,36.8
Big Stone,47.5
Blue Earth,31.6
Brown,41.8
Carlton,41.3
Carver,39.4
Cass,49.5
Chippewa,41.1
Chisago,40.9
Clay,33.7
Clearwater,41.1
Cook,53.0
Cottonwood,41.5
Crow Wing,45.5
Dakota,39.0
Dodge,38.8
Douglas,44.2
Faribault,43.9
Fillmore,42.4
Freeborn,43.4
Goodhue,42.5
Grant,43.2
Hennepin,37.7
Houston,44.8
Hubbard,48.4
Isanti,40.0
Itasca,47.0
Jackson,44.4
Kanabec,44.1
Kandiyohi,40.0
Kittson,47.3
Koochiching,50.9
Lac qui Parle,47.5
Lake,49.1
Lake of the Woods,49.0
Le Sueur,41.7
Lincoln,44.4
Lyon,37.5
McLeod,41.9
Mahnomen,34.4
Marshall,43.4
Martin,44.5
Meeker,42.3
Mille Lacs,41.0
Morrison,42.7
Mower,38.7
Murray,46.8
Nicollet,38.2
Nobles,36.9
Norman,43.4
Olmsted,37.8
Otter Tail,46.1
Pennington,40.5
Pine,45.6
Pipestone,40.0
Polk,39.5
Pope,45.1
Ramsey,36.3
Red Lake,43.3
Redwood,40.6
Renville,42.7
Rice,37.5
Rock,41.3
Roseau,42.5
St. Louis,41.3
Scott,37.9
Sherburne,36.9
Sibley,41.8
Stearns,35.0
Steele,40.2
Stevens,33.5
Swift,43.2
Todd,43.8
Traverse,46.0
Wabasha,45.1
Wadena,40.0
Waseca,40.4
Washington,40.0
Watonwan,40.9
Wilkin,42.4
Winona,36.8
Wright,37.7
Yellow Medicine,41.9
Adams,43.0
Alcorn,40.9
Amite,47.7
Attala,39.7
Benton,42.4
Bolivar,37.3
Calhoun,42.5
Carroll,46.5
Chickasaw,38.2
Choctaw,44.2
Claiborne,33.9
Clarke,42.7
Clay,40.2
Coahoma,35.8
Copiah,40.6
Covington,38.7
DeSoto,37.4
Forrest,32.4
Franklin,42.7
George,36.0
Greene,39.1
Grenada,39.7
Hancock,46.1
Harrison,38.3
Hinds,36.9
Holmes,36.2
Humphreys,39.2
Issaquena,37.6
Itawamba,38.9
Jackson,40.0
Jasper,42.4
Jefferson,40.6
Jefferson Davis,45.3
Jones,38.6
Kemper,41.6
Lafayette,31.8
Lamar,37.6
Lauderdale,39.4
Lawrence,41.3
Leake,40.2
Lee,37.6
Leflore,34.5
Lincoln,40.7
Lowndes,37.7
Madison,39.0
Marion,40.4
Marshall,41.5
Monroe,41.7
Montgomery,43.1
Neshoba,35.8
Newton,37.8
Noxubee,37.3
Oktibbeha,25.4
Panola,38.9
Pearl River,40.9
Perry,41.3
Pike,37.8
Pontotoc,37.0
Prentiss,38.1
Quitman,39.9
Rankin,39.5
Scott,37.3
Sharkey,42.9
Simpson,40.8
Smith,41.8
Stone,39.4
Sunflower,36.9
Tallahatchie,38.4
Tate,38.2
Tippah,39.3
Tishomingo,43.1
Tunica,34.7
Union,38.1
Walthall,42.3
Warren,40.5
Washington,38.5
Wayne,39.2
Webster,40.3
Wilkinson,40.2
Winston,42.4
Yalobusha,43.1
Yazoo,36.9
Adair,28.5
Andrew,42.2
Atchison,46.9
Audrain,40.3
Barry,43.5
Barton,41.8
Bates,41.3
Benton,54.0
Bollinger,44.4
Boone,32.3
Buchanan,38.9
Butler,40.0
Caldwell,42.1
Callaway,40.2
Camden,53.1
Cape Girardeau,36.8
Carroll,43.6
Carter,42.5
Cass,40.5
Cedar,43.4
Chariton,44.9
Christian,39.0
Clark,43.3
Clay,38.0
Clinton,41.6
Cole,39.8
Cooper,40.9
Crawford,43.0
Dade,46.4
Dallas,41.8
Daviess,41.6
DeKalb,41.5
Dent,44.1
Douglas,45.4
Dunklin,39.3
Franklin,41.7
Gasconade,46.0
Gentry,39.3
Greene,36.7
Grundy,40.2
Harrison,41.9
Henry,43.2
Hickory,54.8
Holt,47.4
Howard,39.2
Howell,40.5
Iron,45.0
Jackson,37.2
Jasper,36.9
Jefferson,40.5
Johnson,30.9
Knox,41.3
Laclede,40.0
Lafayette,41.4
Lawrence,38.9
Lewis,38.6
Lincoln,37.4
Linn,41.7
Livingston,40.7
McDonald,39.2
Macon,42.9
Madison,42.1
Maries,44.9
Marion,39.8
Mercer,43.7
Miller,40.9
Mississippi,40.4
Moniteau,38.8
Monroe,46.3
Montgomery,43.4
Morgan,44.7
New Madrid,42.1
Newton,40.3
Nodaway,33.5
Oregon,43.9
Osage,41.1
Ozark,51.1
Pemiscot,38.8
Perry,42.1
Pettis,38.1
Phelps,36.0
Pike,40.4
Platte,39.2
Polk,38.3
Pulaski,28.5
Putnam,44.0
Ralls,46.2
Randolph,39.5
Ray,42.2
Reynolds,47.9
Ripley,41.5
St. Charles,39.9
St. Clair,47.6
Ste. Genevieve,43.0
St. Francois,39.9
St. Louis,40.4
Saline,37.5
Schuyler,39.2
Scotland,36.6
Scott,39.6
Shannon,45.0
Shelby,41.9
Stoddard,42.3
Stone,54.5
Sullivan,43.7
Taney,42.8
Texas,42.6
Vernon,41.0
Warren,40.6
Washington,41.4
Wayne,47.8
Webster,36.7
Worth,48.9
Wright,39.5
St. Louis city,37.1
Beaverhead,42.7
Big Horn,32.1
Blaine,35.1
Broadwater,45.9
Carbon,49.7
Carter,47.9
Cascade,38.4
Chouteau,43.6
Custer,42.1
Daniels,45.6
Dawson,41.7
Deer Lodge,50.0
Fallon,38.6
Fergus,44.7
Flathead,42.0
Gallatin,33.8
Garfield,43.9
Glacier,33.0
Golden Valley,55.3
Granite,54.5
Hill,34.5
Jefferson,46.6
Judith Basin,49.1
Lake,43.8
Lewis and Clark,41.4
Liberty,42.8
Lincoln,52.0
McCone,48.5
Madison,51.4
Meagher,52.0
Mineral,50.4
Missoula,37.2
Musselshell,48.8
Park,46.6
Petroleum,55.7
Phillips,44.5
Pondera,41.7
Powder River,53.0
Powell,44.7
Prairie,52.6
Ravalli,48.5
Richland,38.7
Roosevelt,30.6
Rosebud,35.7
Sanders,54.4
Sheridan,46.1
Silver Bow,40.1
Stillwater,46.9
Sweet Grass,48.7
Teton,42.8
Toole,39.2
Treasure,47.0
Valley,44.6
Wheatland,43.7
Wibaux,46.6
Yellowstone,38.6
Adams,38.7
Antelope,42.6
Arthur,42.4
Banner,46.8
Blaine,48.5
Boone,42.7
Box Butte,40.0
Boyd,52.6
Brown,45.2
Buffalo,34.9
Burt,43.8
Butler,42.0
Cass,42.0
Cedar,42.3
Chase,42.7
Cherry,41.7
Cheyenne,42.2
Clay,40.5
Colfax,35.5
Cuming,41.4
Custer,42.4
Dakota,33.6
Dawes,36.8
Dawson,36.5
Deuel,49.9
Dixon,42.0
Dodge,39.4
Douglas,35.7
Dundy,48.3
Fillmore,46.3
Franklin,47.7
Frontier,44.1
Furnas,45.6
Gage,43.4
Garden,51.4
Garfield,50.6
Gosper,45.5
Grant,42.3
Greeley,43.4
Hall,36.5
Hamilton,40.9
Harlan,49.6
Hayes,45.2
Hitchcock,43.9
Holt,42.2
Hooker,45.9
Howard,42.9
Jefferson,44.4
Johnson,41.5
Kearney,40.5
Keith,49.0
Keya Paha,53.6
Kimball,48.2
Knox,44.3
Lancaster,34.4
Lincoln,42.1
Logan,44.0
Loup,50.8
McPherson,51.0
Madison,37.5
Merrick,42.9
Morrill,42.7
Nance,42.6
Nemaha,38.9
Nuckolls,47.8
Otoe,41.6
Pawnee,47.8
Perkins,42.6
Phelps,40.4
Pierce,40.2
Platte,38.4
Polk,43.9
Red Willow,41.7
Richardson,45.6
Rock,46.1
Saline,38.4
Sarpy,35.8
Saunders,40.6
Scotts Bluff,39.9
Seward,38.0
Sheridan,45.9
Sherman,46.8
Sioux,52.4
Stanton,41.7
Thayer,45.8
Thomas,46.0
Thurston,28.0
Valley,44.1
Washington,41.9
Wayne,31.3
Webster,43.9
Wheeler,50.1
York,39.3
Churchill,38.9
Clark,38.3
Douglas,54.7
Elko,35.5
Esmeralda,52.8
Eureka,45.5
Humboldt,36.6
Lander,37.8
Lincoln,44.5
Lyon,42.3
Mineral,46.4
Nye,52.7
Pershing,42.3
Storey,56.2
Washoe,38.8
White Pine,41.5
Carson City,42.2
Belknap,48.4
Carroll,54.5
Cheshire,43.7
Coos,50.0
Grafton,44.8
Hillsborough,40.9
Merrimack,42.7
Rockingham,44.9
Strafford,38.2
Sullivan,47.3
Atlantic,42.2
Bergen,42.3
Burlington,41.8
Camden,38.9
Cape May,51.8
Cumberland,38.1
Essex,38.0
Gloucester,40.1
Hudson,35.9
Hunterdon,46.5
Mercer,39.8
Middlesex,39.5
Monmouth,43.6
Morris,42.7
Ocean,41.5
Passaic,38.0
Salem,41.8
Somerset,42.4
Sussex,44.1
Union,39.4
Warren,44.3
Bernalillo,39.1
Catron,62.1
Chaves,36.4
Cibola,37.5
Colfax,49.2
Curry,31.8
De Baca,45.6
Do√±a Ana,33.7
Eddy,35.7
Grant,48.5
Guadalupe,39.8
Harding,60.5
Hidalgo,41.9
Lea,32.1
Lincoln,52.1
Los Alamos,40.9
Luna,37.1
McKinley,34.1
Mora,52.6
Otero,36.1
Quay,46.5
Rio Arriba,42.3
Roosevelt,30.9
Sandoval,41.1
San Juan,37.4
San Miguel,46.1
Santa Fe,48.4
Sierra,56.2
Socorro,39.4
Taos,50.7
Torrance,43.7
Union,42.6
Valencia,39.5
Albany,38.4
Allegany,39.5
Bronx,35.9
Broome,39.5
Cattaraugus,42.5
Cayuga,43.9
Chautauqua,43.2
Chemung,42.0
Chenango,45.0
Clinton,41.3
Columbia,50.1
Cortland,36.7
Delaware,49.1
Dutchess,42.8
Erie,40.4
Essex,49.8
Franklin,42.1
Fulton,44.3
Genesee,43.2
Greene,47.4
Hamilton,57.3
Herkimer,44.2
Jefferson,33.3
Kings,36.7
Lewis,42.6
Livingston,41.5
Madison,42.5
Monroe,39.7
Montgomery,40.2
Nassau,41.9
New York,39.0
Niagara,43.2
Oneida,40.9
Onondaga,39.8
Ontario,44.3
Orange,36.8
Orleans,43.5
Oswego,40.7
Otsego,39.9
Putnam,44.1
Queens,40.9
Rensselaer,40.5
Richmond,40.6
Rockland,34.9
St. Lawrence,39.8
Saratoga,43.6
Schenectady,39.4
Schoharie,45.8
Schuyler,47.4
Seneca,42.7
Steuben,43.1
Suffolk,42.0
Sullivan,41.9
Tioga,44.7
Tompkins,32.3
Ulster,44.3
Warren,47.1
Washington,45.0
Wayne,43.8
Westchester,41.9
Wyoming,43.5
Yates,41.8
Alamance,39.0
Alexander,44.0
Alleghany,51.8
Anson,41.2
Ashe,50.3
Avery,46.7
Beaufort,47.6
Bertie,46.4
Bladen,45.7
Brunswick,56.6
Buncombe,43.0
Burke,45.7
Cabarrus,37.9
Caldwell,44.9
Camden,40.8
Carteret,50.8
Caswell,46.4
Catawba,41.7
Chatham,48.5
Cherokee,53.7
Chowan,47.1
Clay,55.3
Cleveland,40.7
Columbus,42.0
Craven,39.4
Cumberland,32.0
Currituck,41.9
Dare,48.7
Davidson,42.3
Davie,45.4
Duplin,40.6
Durham,36.0
Edgecombe,41.8
Forsyth,38.4
Franklin,41.1
Gaston,39.7
Gates,47.1
Graham,45.6
Granville,42.5
Greene,40.1
Guilford,37.4
Halifax,43.4
Harnett,35.6
Haywood,47.8
Henderson,48.2
Hertford,42.8
Hoke,33.9
Hyde,46.1
Iredell,41.0
Jackson,40.0
Johnston,38.3
Jones,47.3
Lee,39.4
Lenoir,42.3
Lincoln,44.0
McDowell,44.6
Macon,50.4
Madison,45.5
Martin,47.3
Mecklenburg,35.6
Mitchell,47.7
Montgomery,44.2
Moore,42.8
Nash,41.7
New Hanover,40.8
Northampton,51.8
Onslow,27.6
Orange,36.1
Pamlico,54.1
Pasquotank,39.1
Pender,42.1
Perquimans,50.3
Person,44.5
Pitt,33.3
Polk,54.1
Randolph,41.6
Richmond,39.8
Robeson,36.5
Rockingham,44.7
Rowan,40.6
Rutherford,45.3
Sampson,39.8
Scotland,38.5
Stanly,40.9
Stokes,47.2
Surry,44.0
Swain,41.1
Transylvania,52.5
Tyrrell,44.4
Union,39.4
Vance,39.9
Wake,37.3
Warren,49.1
Washington,48.9
Watauga,31.7
Wayne,37.4
Wilkes,45.6
Wilson,40.7
Yadkin,44.8
Yancey,48.5
Adams,49.3
Barnes,43.6
Benson,30.9
Billings,43.1
Bottineau,44.3
Bowman,42.8
Burke,42.1
Burleigh,38.4
Cass,32.6
Cavalier,47.1
Dickey,40.3
Divide,44.6
Dunn,37.8
Eddy,42.0
Emmons,50.7
Foster,43.9
Golden Valley,47.6
Grand Forks,30.8
Grant,52.4
Griggs,50.1
Hettinger,41.6
Kidder,45.7
LaMoure,46.3
Logan,46.9
McHenry,43.2
McIntosh,51.1
McKenzie,31.5
McLean,46.6
Mercer,43.9
Morton,38.0
Mountrail,34.8
Nelson,48.9
Oliver,45.3
Pembina,45.2
Pierce,43.9
Ramsey,40.3
Ransom,43.7
Renville,43.5
Richland,37.9
Rolette,31.9
Sargent,44.5
Sheridan,54.4
Sioux,28.0
Slope,51.7
Stark,34.4
Steele,46.4
Stutsman,41.1
Towner,49.6
Traill,40.4
Walsh,43.3
Ward,33.4
Wells,51.0
Williams,32.3
Adams,41.5
Allen,39.3
Ashland,41.2
Ashtabula,42.4
Athens,34.4
Auglaize,40.9
Belmont,43.9
Brown,42.2
Butler,37.7
Carroll,45.6
Champaign,41.8
Clark,41.3
Clermont,40.9
Clinton,40.5
Columbiana,44.3
Coshocton,41.2
Crawford,43.2
Cuyahoga,40.5
Darke,41.8
Defiance,40.8
Delaware,40.0
Erie,45.0
Fairfield,39.6
Fayette,40.4
Franklin,34.9
Fulton,41.7
Gallia,41.1
Geauga,44.8
Greene,39.0
Guernsey,42.0
Hamilton,37.1
Hancock,39.5
Hardin,35.5
Harrison,45.0
Henry,41.6
Highland,41.3
Hocking,43.2
Holmes,32.4
Huron,40.4
Jackson,40.0
Jefferson,44.0
Knox,39.5
Lake,44.1
Lawrence,42.4
Licking,40.1
Logan,42.2
Lorain,42.1
Lucas,38.3
Madison,41.0
Mahoning,43.2
Marion,40.7
Medina,43.2
Meigs,44.5
Mercer,39.1
Miami,41.2
Monroe,46.1
Montgomery,38.9
Morgan,44.6
Morrow,43.2
Muskingum,40.3
Noble,53.7
Ottawa,50.5
Paulding,41.5
Perry,41.2
Pickaway,39.6
Pike,41.1
Portage,39.4
Preble,42.9
Putnam,40.2
Richland,40.6
Ross,41.6
Sandusky,42.2
Scioto,40.7
Seneca,40.2
Shelby,39.9
Stark,41.7
Summit,41.3
Trumbull,43.7
Tuscarawas,41.4
Union,38.4
Van Wert,41.2
Vinton,43.6
Warren,39.9
Washington,44.0
Wayne,38.8
Williams,41.8
Wood,35.8
Wyandot,42.7
Adair,37.8
Alfalfa,43.0
Atoka,39.8
Beaver,40.9
Beckham,36.4
Blaine,40.2
Bryan,37.3
Caddo,37.3
Canadian,36.2
Carter,37.9
Cherokee,36.7
Choctaw,40.4
Cimarron,42.1
Cleveland,35.4
Coal,40.9
Comanche,33.6
Cotton,42.4
Craig,41.3
Creek,40.3
Custer,31.6
Delaware,47.0
Dewey,38.9
Ellis,44.6
Garfield,36.6
Garvin,39.2
Grady,39.6
Grant,41.9
Greer,39.3
Harmon,40.6
Harper,41.5
Haskell,41.3
Hughes,38.4
Jackson,35.0
Jefferson,41.1
Johnston,38.4
Kay,38.4
Kingfisher,37.6
Kiowa,41.4
Latimer,41.2
Le Flore,38.9
Lincoln,41.1
Logan,40.2
Love,39.0
McClain,38.7
McCurtain,37.6
McIntosh,46.7
Major,41.4
Marshall,42.7
Mayes,40.5
Murray,42.2
Muskogee,37.8
Noble,42.1
Nowata,41.1
Okfuskee,40.4
Oklahoma,35.4
Okmulgee,39.0
Osage,43.3
Ottawa,37.2
Pawnee,41.2
Payne,27.4
Pittsburg,40.7
Pontotoc,36.9
Pottawatomie,38.3
Pushmataha,44.5
Roger Mills,42.0
Rogers,39.4
Seminole,39.4
Sequoyah,40.1
Stephens,41.7
Texas,33.5
Tillman,41.3
Tulsa,36.3
Wagoner,39.1
Washington,39.5
Washita,40.2
Woods,33.8
Woodward,38.3
Baker,47.1
Benton,33.8
Clackamas,42.1
Clatsop,45.6
Columbia,43.1
Coos,48.6
Crook,46.1
Curry,57.6
Deschutes,42.8
Douglas,46.5
Gilliam,50.4
Grant,50.9
Harney,46.1
Hood River,40.7
Jackson,42.7
Jefferson,40.2
Josephine,47.4
Klamath,41.3
Lake,46.8
Lane,40.6
Lincoln,53.3
Linn,40.0
Malheur,36.0
Marion,37.4
Morrow,36.8
Multnomah,38.8
Polk,38.1
Sherman,46.6
Tillamook,49.0
Umatilla,36.7
Union,39.8
Wallowa,48.9
Wasco,40.9
Washington,38.1
Wheeler,59.5
Yamhill,39.8
Adams,43.9
Allegheny,40.6
Armstrong,47.1
Beaver,44.9
Bedford,47.1
Berks,39.9
Blair,43.1
Bradford,43.9
Bucks,44.2
Butler,43.6
Cambria,45.6
Cameron,52.8
Carbon,46.0
Centre,34.0
Chester,40.7
Clarion,40.8
Clearfield,45.5
Clinton,39.3
Columbia,40.6
Crawford,44.0
Cumberland,40.0
Dauphin,39.4
Delaware,39.2
Elk,48.2
Erie,40.5
Fayette,45.3
Forest,47.9
Franklin,42.2
Fulton,46.0
Greene,43.2
Huntingdon,44.0
Indiana,39.7
Jefferson,44.2
Juniata,43.2
Lackawanna,41.8
Lancaster,39.2
Lawrence,44.9
Lebanon,41.2
Lehigh,39.1
Luzerne,41.8
Lycoming,41.4
McKean,43.3
Mercer,45.0
Mifflin,42.9
Monroe,43.9
Montgomery,41.2
Montour,42.9
Northampton,41.7
Northumberland,44.3
Perry,43.8
Philadelphia,35.1
Pike,49.2
Potter,47.8
Schuylkill,43.7
Snyder,41.1
Somerset,46.7
Sullivan,56.8
Susquehanna,48.8
Tioga,44.9
Union,39.1
Venango,48.0
Warren,47.6
Washington,44.2
Wayne,48.8
Westmoreland,47.2
Wyoming,45.1
York,41.2
Bristol,44.3
Kent,43.6
Newport,47.4
Providence,38.2
Washington,45.4
Abbeville,44.6
Aiken,41.9
Allendale,43.0
Anderson,40.4
Bamberg,44.2
Barnwell,40.6
Beaufort,48.4
Berkeley,37.3
Calhoun,47.3
Charleston,39.6
Cherokee,39.6
Chester,41.9
Chesterfield,42.2
Clarendon,46.1
Colleton,42.2
Darlington,41.0
Dillon,38.6
Dorchester,38.1
Edgefield,43.0
Fairfield,48.5
Florence,39.2
Georgetown,52.7
Greenville,38.5
Greenwood,39.8
Hampton,41.2
Horry,49.0
Jasper,46.3
Kershaw,41.0
Lancaster,42.6
Laurens,41.3
Lee,42.2
Lexington,39.9
McCormick,59.6
Marion,42.5
Marlboro,41.1
Newberry,42.2
Oconee,47.2
Orangeburg,40.9
Pickens,36.1
Richland,34.3
Saluda,43.2
Spartanburg,37.9
Sumter,37.1
Union,44.1
Williamsburg,43.7
York,39.5
Aurora,40.6
Beadle,37.4
Bennett,31.7
Bon Homme,41.4
Brookings,27.6
Brown,38.3
Brule,42.2
Buffalo,26.0
Butte,40.2
Campbell,55.8
Charles Mix,35.8
Clark,39.9
Clay,25.2
Codington,40.3
Corson,29.4
Custer,56.7
Davison,40.1
Day,46.4
Deuel,42.4
Dewey,27.1
Douglas,42.2
Edmunds,45.2
Fall River,53.1
Faulk,42.8
Grant,46.3
Gregory,44.7
Haakon,45.0
Hamlin,31.6
Hand,44.6
Hanson,39.7
Harding,41.9
Hughes,39.3
Hutchinson,41.4
Hyde,43.4
Jackson,28.4
Jerauld,47.7
Jones,49.4
Kingsbury,42.7
Lake,44.6
Lawrence,44.6
Lincoln,36.1
Lyman,36.9
McCook,38.4
McPherson,49.5
Marshall,42.6
Meade,37.5
Mellette,32.2
Miner,44.9
Minnehaha,35.9
Moody,40.6
Oglala Lakota,27.0
Pennington,40.5
Perkins,47.7
Potter,46.9
Roberts,37.9
Sanborn,41.9
Spink,44.6
Stanley,42.4
Sully,48.3
Todd,23.3
Tripp,43.7
Turner,41.9
Union,40.9
Walworth,42.7
Yankton,42.0
Ziebach,33.1
Anderson,42.1
Bedford,37.2
Benton,46.9
Bledsoe,46.2
Blount,44.0
Bradley,40.2
Campbell,43.8
Cannon,41.8
Carroll,41.4
Carter,46.5
Cheatham,41.4
Chester,37.8
Claiborne,43.1
Clay,48.0
Cocke,45.4
Coffee,39.6
Crockett,40.2
Cumberland,53.3
Davidson,35.0
Decatur,45.7
DeKalb,42.1
Dickson,40.2
Dyer,39.3
Fayette,47.7
Fentress,46.5
Franklin,42.2
Gibson,39.5
Giles,43.1
Grainger,46.1
Greene,45.2
Grundy,43.2
Hamblen,40.5
Hamilton,39.9
Hancock,44.6
Hardeman,40.4
Hardin,46.1
Hawkins,45.9
Haywood,42.7
Henderson,41.5
Henry,46.3
Hickman,41.3
Houston,43.8
Humphreys,43.0
Jackson,47.5
Jefferson,44.7
Johnson,47.7
Knox,37.6
Lake,40.2
Lauderdale,39.2
Lawrence,39.1
Lewis,42.7
Lincoln,42.5
Loudon,49.9
McMinn,42.6
McNairy,43.1
Macon,38.1
Madison,39.1
Marion,44.4
Marshall,39.5
Maury,39.2
Meigs,45.5
Monroe,45.0
Montgomery,31.6
Moore,45.3
Morgan,42.4
Obion,42.6
Overton,43.3
Perry,42.6
Pickett,51.5
Polk,46.2
Putnam,36.1
Rhea,41.6
Roane,46.9
Robertson,39.3
Rutherford,34.4
Scott,40.4
Sequatchie,44.7
Sevier,44.1
Shelby,36.0
Smith,40.8
Stewart,43.6
Sullivan,44.8
Sumner,40.0
Tipton,39.0
Trousdale,34.9
Unicoi,47.3
Union,43.0
Van Buren,46.8
Warren,40.5
Washington,40.5
Wayne,43.7
Weakley,37.3
White,43.2
Williamson,40.4
Wilson,39.9
Anderson,39.3
Andrews,32.2
Angelina,37.4
Aransas,49.7
Archer,42.7
Armstrong,43.3
Atascosa,35.9
Austin,41.5
Bailey,33.7
Bandera,52.5
Bastrop,37.2
Baylor,43.1
Bee,35.8
Bell,32.1
Bexar,34.6
Blanco,50.7
Borden,48.3
Bosque,46.4
Bowie,38.2
Brazoria,36.6
Brazos,26.7
Brewster,45.1
Briscoe,45.5
Brooks,33.4
Brown,42.0
Burleson,43.0
Burnet,45.0
Caldwell,37.5
Calhoun,40.1
Callahan,43.4
Cameron,32.5
Camp,37.6
Carson,41.3
Cass,43.7
Castro,34.4
Chambers,34.6
Cherokee,38.1
Childress,33.9
Clay,46.5
Cochran,36.3
Coke,45.7
Coleman,47.4
Collin,37.3
Collingsworth,39.1
Colorado,42.1
Comal,41.5
Comanche,43.9
Concho,47.4
Cooke,40.7
Coryell,32.8
Cottle,46.4
Crane,33.8
Crockett,40.2
Crosby,38.0
Culberson,40.7
Dallam,30.5
Dallas,34.0
Dawson,33.4
Deaf Smith,31.2
Delta,41.2
Denton,37.0
DeWitt,41.4
Dickens,48.5
Dimmit,34.3
Donley,42.2
Duval,35.3
Eastland,42.2
Ector,31.2
Edwards,48.3
Ellis,36.2
El Paso,33.2
Erath,32.1
Falls,39.6
Fannin,40.6
Fayette,47.6
Fisher,44.5
Floyd,38.2
Foard,47.9
Fort Bend,37.3
Franklin,43.3
Freestone,42.4
Frio,32.1
Gaines,28.1
Galveston,38.8
Garza,34.6
Gillespie,49.9
Glasscock,35.7
Goliad,45.9
Gonzales,37.3
Gray,37.8
Grayson,39.4
Gregg,36.0
Grimes,40.4
Guadalupe,37.9
Hale,34.2
Hall,44.3
Hamilton,45.5
Hansford,34.7
Hardeman,42.4
Hardin,39.2
Harris,34.5
Harrison,38.6
Hartley,40.0
Haskell,42.6
Hays,33.7
Hemphill,38.6
Henderson,43.7
Hidalgo,30.2
Hill,41.5
Hockley,35.9
Hood,46.2
Hopkins,39.2
Houston,44.2
Howard,37.6
Hudspeth,34.1
Hunt,37.0
Hutchinson,38.8
Irion,42.6
Jack,38.3
Jackson,39.0
Jasper,42.0
Jeff Davis,61.7
Jefferson,37.0
Jim Hogg,35.0
Jim Wells,35.8
Johnson,36.6
Jones,38.4
Karnes,35.2
Kaufman,33.9
Kendall,42.9
Kenedy,43.5
Kent,45.5
Kerr,47.9
Kimble,50.3
King,42.8
Kinney,41.8
Kleberg,28.4
Knox,39.2
Lamar,39.4
Lamb,36.9
Lampasas,43.7
La Salle,32.2
Lavaca,43.1
Lee,42.9
Leon,44.6
Liberty,33.0
Limestone,41.6
Lipscomb,41.4
Live Oak,40.6
Llano,57.7
Loving,35.3
Lubbock,31.5
Lynn,36.7
McCulloch,44.3
McLennan,33.5
McMullen,44.2
Madison,34.3
Marion,51.1
Martin,32.7
Mason,51.0
Matagorda,37.6
Maverick,30.2
Medina,39.3
Menard,51.4
Midland,32.4
Milam,41.9
Mills,49.3
Mitchell,34.9
Montague,42.9
Montgomery,37.1
Moore,31.9
Morris,42.1
Motley,49.3
Nacogdoches,32.0
Navarro,36.4
Newton,46.2
Nolan,38.4
Nueces,36.6
Ochiltree,33.1
Oldham,42.3
Orange,37.5
Palo Pinto,40.9
Panola,41.0
Parker,39.3
Parmer,35.3
Pecos,36.1
Polk,43.6
Potter,34.9
Presidio,38.7
Rains,47.2
Randall,36.6
Reagan,34.2
Real,52.3
Red River,46.2
Reeves,33.8
Refugio,42.6
Roberts,42.3
Robertson,41.3
Rockwall,37.4
Runnels,40.7
Rusk,39.3
Sabine,53.7
San Augustine,48.9
San Jacinto,45.1
San Patricio,36.4
San Saba,40.0
Schleicher,41.0
Scurry,36.1
Shackelford,42.0
Shelby,38.5
Sherman,36.1
Smith,37.1
Somervell,43.2
Starr,29.3
Stephens,40.1
Sterling,35.2
Stonewall,46.8
Sutton,41.1
Swisher,36.2
Tarrant,35.1
Taylor,32.7
Terrell,51.5
Terry,34.6
Throckmorton,45.9
Titus,34.4
Tom Green,35.6
Travis,35.6
Trinity,48.5
Tyler,42.7
Upshur,40.7
Upton,36.1
Uvalde,33.8
Val Verde,31.6
Van Zandt,42.1
Victoria,36.6
Walker,37.1
Waller,29.4
Ward,34.2
Washington,42.3
Webb,29.8
Wharton,37.5
Wheeler,41.2
Wichita,35.0
Wilbarger,39.7
Willacy,33.3
Williamson,37.1
Wilson,40.6
Winkler,35.1
Wise,39.0
Wood,48.7
Yoakum,30.1
Young,40.7
Zapata,30.6
Zavala,32.5
Beaver,34.0
Box Elder,32.7
Cache,25.8
Carbon,38.7
Daggett,48.5
Davis,32.5
Duchesne,33.6
Emery,37.7
Garfield,42.7
Grand,41.1
Iron,30.3
Juab,30.4
Kane,42.9
Millard,35.2
Morgan,32.9
Piute,47.4
Rich,39.1
Salt Lake,34.0
San Juan,34.8
Sanpete,34.0
Sevier,36.8
Summit,41.5
Tooele,32.0
Uintah,33.0
Utah,25.7
Wasatch,36.6
Washington,39.2
Wayne,42.6
Weber,33.7
Addison,44.4
Bennington,47.3
Caledonia,45.3
Chittenden,37.3
Essex,51.4
Franklin,41.2
Grand Isle,48.7
Lamoille,42.2
Orange,46.6
Orleans,45.3
Rutland,47.5
Washington,44.1
Windham,47.8
Windsor,47.9
Accomack,47.8
Albemarle,40.1
Alleghany,49.3
Amelia,44.5
Amherst,44.0
Appomattox,42.0
Arlington,35.5
Augusta,45.2
Bath,52.3
Bedford,47.0
Bland,48.3
Botetourt,48.1
Brunswick,43.9
Buchanan,47.6
Buckingham,43.5
Campbell,43.7
Caroline,39.8
Carroll,49.6
Charles City,53.0
Charlotte,45.6
Chesterfield,39.2
Clarke,47.1
Craig,49.8
Culpeper,39.7
Cumberland,46.3
Dickenson,46.1
Dinwiddie,43.5
Essex,48.2
Fairfax,39.1
Fauquier,41.4
Floyd,47.9
Fluvanna,43.8
Franklin,48.8
Frederick,41.2
Giles,45.6
Gloucester,44.3
Goochland,49.7
Grayson,49.1
Greene,41.1
Greensville,40.8
Halifax,46.5
Hanover,42.6
Henrico,39.4
Henry,48.0
Highland,60.0
Isle of Wight,43.0
James City,47.2
King and Queen,48.1
King George,38.6
King William,40.2
Lancaster,58.9
Lee,45.1
Loudoun,38.0
Louisa,44.7
Lunenburg,44.5
Madison,46.4
Mathews,55.0
Mecklenburg,49.2
Middlesex,55.5
Montgomery,30.2
Nelson,51.7
New Kent,42.4
Northampton,51.9
Northumberland,59.0
Nottoway,40.3
Orange,42.6
Page,45.5
Patrick,51.3
Pittsylvania,48.1
Powhatan,45.9
Prince Edward,31.7
Prince George,33.9
Prince William,36.3
Pulaski,46.9
Rappahannock,52.2
Richmond,42.4
Roanoke,43.9
Rockbridge,49.8
Rockingham,41.1
Russell,46.8
Scott,47.9
Shenandoah,43.9
Smyth,45.7
Southampton,47.3
Spotsylvania,38.5
Stafford,36.6
Surry,50.8
Sussex,40.4
Tazewell,45.0
Warren,40.7
Washington,47.4
Westmoreland,49.2
Wise,41.8
Wythe,45.9
York,39.8
Alexandria city,38.0
Bristol city,43.3
Buena Vista city,35.5
Charlottesville city,33.0
Chesapeake city,37.8
Colonial Heights city,38.9
Covington city,40.7
Danville city,40.8
Emporia city,39.2
Fairfax city,36.5
Falls Church city,39.6
Franklin city,38.0
Fredericksburg city,31.1
Galax city,38.4
Hampton city,36.4
Harrisonburg city,24.9
Hopewell city,36.3
Lexington city,21.9
Lynchburg city,28.5
Manassas city,35.0
Manassas Park city,36.4
Martinsville city,37.8
Newport News city,34.2
Norfolk city,32.6
Norton city,38.0
Petersburg city,36.5
Poquoson city,41.8
Portsmouth city,35.7
Radford city,23.5
Richmond city,34.8
Roanoke city,38.7
Salem city,40.4
Staunton city,41.7
Suffolk city,38.3
Virginia Beach city,37.8
Waynesboro city,39.0
Williamsburg city,26.5
Winchester city,37.4
Adams,28.6
Asotin,46.0
Benton,36.4
Chelan,40.7
Clallam,52.2
Clark,39.2
Columbia,50.6
Cowlitz,41.0
Douglas,38.6
Ferry,51.8
Franklin,31.0
Garfield,46.6
Grant,33.5
Grays Harbor,44.7
Island,44.8
Jefferson,60.4
King,37.4
Kitsap,40.0
Kittitas,37.6
Klickitat,47.1
Lewis,42.1
Lincoln,46.5
Mason,45.0
Okanogan,42.7
Pacific,54.8
Pend Oreille,49.8
Pierce,36.9
San Juan,56.8
Skagit,42.2
Skamania,48.6
Snohomish,38.6
Spokane,38.3
Stevens,46.7
Thurston,39.9
Wahkiakum,54.6
Walla Walla,38.8
Whatcom,38.3
Whitman,25.7
Yakima,33.1
Barbour,42.3
Berkeley,38.6
Boone,45.6
Braxton,47.0
Brooke,47.2
Cabell,38.8
Calhoun,49.1
Clay,44.9
Doddridge,45.5
Fayette,44.8
Gilmer,39.6
Grant,47.3
Greenbrier,46.5
Hampshire,48.6
Hancock,47.2
Hardy,47.0
Harrison,42.8
Jackson,43.9
Jefferson,41.9
Kanawha,43.6
Lewis,43.6
Lincoln,44.2
Logan,44.5
McDowell,46.2
Marion,40.5
Marshall,46.6
Mason,44.5
Mercer,43.2
Mineral,44.4
Mingo,43.9
Monongalia,32.5
Monroe,47.6
Morgan,49.5
Nicholas,46.1
Ohio,43.0
Pendleton,50.4
Pleasants,43.4
Pocahontas,49.8
Preston,43.1
Putnam,43.0
Raleigh,42.8
Randolph,44.2
Ritchie,47.2
Roane,46.5
Summers,49.5
Taylor,44.4
Tucker,51.8
Tyler,48.4
Upshur,42.7
Wayne,44.8
Webster,48.6
Wetzel,45.7
Wirt,45.9
Wood,43.8
Wyoming,45.7
Adams,55.7
Ashland,43.1
Barron,45.2
Bayfield,54.2
Brown,38.4
Buffalo,46.7
Burnett,55.7
Calumet,42.0
Chippewa,42.0
Clark,37.3
Columbia,43.0
Crawford,46.9
Dane,35.9
Dodge,43.0
Door,54.4
Douglas,42.9
Dunn,36.1
Eau Claire,35.8
Florence,55.9
Fond du Lac,42.0
Forest,49.2
Grant,37.0
Green,44.1
Green Lake,45.9
Iowa,43.6
Iron,55.8
Jackson,42.8
Jefferson,42.0
Juneau,45.7
Kenosha,39.5
Kewaunee,44.9
La Crosse,37.1
Lafayette,41.6
Langlade,49.2
Lincoln,49.4
Manitowoc,45.4
Marathon,41.4
Marinette,49.1
Marquette,50.6
Menominee,31.9
Milwaukee,35.5
Monroe,40.3
Oconto,47.3
Oneida,52.6
Outagamie,39.2
Ozaukee,43.8
Pepin,45.7
Pierce,38.5
Polk,46.8
Portage,38.2
Price,52.8
Racine,40.7
Richland,46.6
Rock,40.5
Rusk,49.1
St. Croix,40.6
Sauk,42.0
Sawyer,51.9
Shawano,45.3
Sheboygan,41.9
Taylor,44.5
Trempealeau,41.1
Vernon,42.1
Vilas,56.2
Walworth,41.6
Washburn,52.7
Washington,44.0
Waukesha,43.5
Waupaca,45.4
Waushara,50.3
Winnebago,39.1
Wood,43.9
Albany,28.0
Big Horn,41.8
Campbell,36.3
Carbon,39.7
Converse,40.3
Crook,43.8
Fremont,39.9
Goshen,43.4
Hot Springs,49.1
Johnson,47.2
Laramie,38.2
Lincoln,41.6
Natrona,38.5
Niobrara,44.3
Park,44.7
Platte,47.8
Sheridan,43.5
Sublette,44.7
Sweetwater,37.7
Teton,41.0
Uinta,38.0
Washakie,44.8
Weston,44.5
