Autauga,"45,248"
Baldwin,"51,348"
Barbour,"37,120"
Bibb,"34,598"
Blount,"38,351"
Bullock,"30,429"
Butler,"41,151"
Calhoun,"39,546"
Chambers,"36,299"
Cherokee,"39,416"
Chilton,"38,551"
Choctaw,"41,413"
Clarke,"41,862"
Clay,"34,660"
Cleburne,"37,670"
Coffee,"45,466"
Colbert,"41,088"
Conecuh,"37,887"
Coosa,"35,542"
Covington,"37,777"
Crenshaw,"39,921"
Cullman,"41,925"
Dale,"40,032"
Dallas,"38,762"
DeKalb,"34,999"
Elmore,"44,683"
Escambia,"36,134"
Etowah,"39,795"
Fayette,"37,852"
Franklin,"37,151"
Geneva,"38,132"
Greene,"36,851"
Hale,"40,633"
Henry,"46,518"
Houston,"47,648"
Jackson,"39,664"
Jefferson,"58,053"
Lamar,"36,737"
Lauderdale,"41,778"
Lawrence,"38,225"
Lee,"41,760"
Limestone,"47,397"
Lowndes,"43,398"
Macon,"34,888"
Madison,"56,499"
Marengo,"43,596"
Marion,"36,927"
Marshall,"40,676"
Mobile,"42,837"
Monroe,"39,339"
Montgomery,"47,054"
Morgan,"44,204"
Perry,"37,160"
Pickens,"38,631"
Pike,"40,730"
Randolph,"36,845"
Russell,"35,878"
St. Clair,"43,673"
Shelby,"60,598"
Sumter,"35,200"
Talladega,"37,554"
Tallapoosa,"44,772"
Tuscaloosa,"40,463"
Walker,"43,568"
Washington,"41,642"
Wilcox,"36,742"
Winston,"38,472"
Apache,"42,196"
Cochise,"46,909"
Coconino,"54,008"
Gila,"45,429"
Graham,"35,987"
Greenlee,"43,150"
La Paz,"46,286"
Maricopa,"56,255"
Mohave,"38,717"
Navajo,"38,524"
Pima,"50,131"
Pinal,"40,979"
Santa Cruz,"43,734"
Yavapai,"47,203"
Yuma,"42,732"
,
,
Arkansas,"52,609"
Ashley,"40,395"
Baxter,"40,968"
Benton,"86,938"
Boone,"38,988"
Bradley,"42,740"
Calhoun,"42,102"
Carroll,"34,896"
Chicot,"44,738"
Clark,"41,306"
Clay,"39,772"
Cleburne,"42,579"
Cleveland,"42,714"
Columbia,"40,526"
Conway,"41,696"
Craighead,"42,024"
Crawford,"37,829"
Crittenden,"41,598"
Cross,"40,423"
Dallas,"42,465"
Desha,"45,111"
Drew,"42,476"
Faulkner,"43,322"
Franklin,"35,248"
Fulton,"32,621"
Garland,"44,472"
Grant,"43,237"
Greene,"39,258"
Hempstead,"35,784"
Hot Spring,"34,907"
Howard,"35,669"
Independence,"38,631"
Izard,"33,061"
Jackson,"42,541"
Jefferson,"38,571"
Johnson,"31,779"
Lafayette,"40,154"
Lawrence,"39,170"
Lee,"34,169"
Lincoln,"29,548"
Little River,"37,360"
Logan,"35,348"
Lonoke,"43,681"
Madison,"34,782"
Marion,"33,925"
Miller,"37,832"
Mississippi,"38,264"
Monroe,"40,187"
Montgomery,"34,374"
Nevada,"35,106"
Newton,"35,371"
Ouachita,"42,742"
Perry,"39,715"
Phillips,"41,005"
Pike,"34,971"
Poinsett,"38,591"
Polk,"33,816"
Pope,"37,465"
Prairie,"42,026"
Pulaski,"55,423"
Randolph,"36,205"
St. Francis,"33,394"
Saline,"46,269"
Scott,"33,703"
Searcy,"31,731"
Sebastian,"45,505"
Sevier,"35,030"
Sharp,"36,583"
Stone,"33,395"
Union,"47,422"
Van Buren,"35,870"
Washington,"44,261"
White,"39,958"
Woodruff,"46,730"
Yell,"35,573"
,
,
Alameda,"88,841"
Alpine,"75,220"
Amador,"47,790"
Butte,"51,402"
Calaveras,"55,355"
Colusa,"55,498"
Contra Costa,"88,910"
Del Norte,"41,309"
El Dorado,"74,679"
Fresno,"48,312"
Glenn,"49,454"
Humboldt,"50,693"
Imperial,"45,021"
Inyo,"60,124"
Kern,"44,063"
Kings,"41,397"
Lake,"44,403"
Lassen,"37,634"
Los Angeles,"68,541"
Madera,"44,072"
Marin,"148,419"
Mariposa,"57,964"
Mendocino,"53,087"
Merced,"43,980"
Modoc,"52,459"
Mono,"61,649"
Monterey,"61,105"
Napa,"82,643"
Nevada,"65,652"
Orange,"75,737"
Placer,"73,261"
Plumas,"54,185"
Riverside,"47,702"
Sacramento,"57,991"
San Benito,"61,564"
San Bernardino,"45,499"
San Diego,"67,830"
San Francisco,"141,134"
San Joaquin,"51,766"
San Luis Obispo,"63,652"
San Mateo,"142,264"
Santa Barbara,"69,457"
Santa Clara,"122,785"
Santa Cruz,"77,181"
Shasta,"51,514"
Sierra,"44,542"
Siskiyou,"49,420"
Solano,"58,406"
Sonoma,"73,526"
Stanislaus,"49,128"
Sutter,"49,710"
Tehama,"45,064"
Trinity,"34,293"
Tulare,"45,556"
Tuolumne,"49,622"
Ventura,"68,647"
Yolo,"60,918"
Yuba,"45,806"
,
,
Adams,"48,606"
Alamosa,"41,152"
Arapahoe,"68,630"
Archuleta,"50,527"
Baca,"46,142"
Bent,"29,796"
Boulder,"83,173"
Broomfield,"66,999"
Chaffee,"56,878"
Cheyenne,"47,755"
Clear Creek,"70,828"
Conejos,"41,346"
Costilla,"39,705"
Crowley,"21,480"
Custer,"49,704"
Delta,"43,409"
Denver,"89,736"
Dolores,"36,479"
Douglas,"81,637"
Eagle,"91,432"
Elbert,"65,896"
El Paso,"54,712"
Fremont,"38,325"
Garfield,"62,296"
Gilpin,"59,027"
Grand,"58,265"
Gunnison,"56,168"
Hinsdale,"52,257"
Huerfano,"45,781"
Jackson,"58,270"
Jefferson,"69,118"
Kiowa,"53,903"
Kit Carson,"42,436"
Lake,"44,537"
La Plata,"63,179"
Larimer,"60,219"
Las Animas,"42,016"
Lincoln,"32,951"
Logan,"44,239"
Mesa,"48,884"
Mineral,"67,967"
Moffat,"45,652"
Montezuma,"46,887"
Montrose,"46,747"
Morgan,"47,366"
Otero,"39,281"
Ouray,"72,871"
Park,"53,092"
Phillips,"44,065"
Pitkin,"187,595"
Prowers,"41,752"
Pueblo,"43,513"
Rio Blanco,"50,197"
Rio Grande,"52,047"
Routt,"94,626"
Saguache,"38,688"
San Juan,"53,827"
San Miguel,"101,654"
Sedgwick,"41,472"
Summit,"81,157"
Teller,"57,928"
Washington,"41,064"
Weld,"52,354"
Yuma,"41,615"
,
,
Fairfield,"119,366"
Hartford,"67,205"
Litchfield,"69,700"
Middlesex,"71,602"
New Haven,"60,128"
New London,"61,222"
Tolland,"60,819"
Windham,"51,376"
,
,
Kent,"46,542"
New Castle,"59,303"
Sussex,"56,669"
,
,
,
,
Alachua,"48,858"
Baker,"37,403"
Bay,"50,394"
Bradford,"36,956"
Brevard,"51,769"
Broward,"57,878"
Calhoun,"33,042"
Charlotte,"49,052"
Citrus,"42,292"
Clay,"48,070"
Collier,"112,479"
Columbia,"39,839"
DeSoto,"30,286"
Dixie,"32,064"
Duval,"50,307"
Escambia,"47,837"
Flagler,"52,613"
Franklin,"38,995"
Gadsden,"40,463"
Gilchrist,"39,046"
Glades,"31,398"
Gulf,"45,709"
Hamilton,"29,767"
Hardee,"32,358"
Hendry,"37,672"
Hernando,"42,585"
Highlands,"39,163"
Hillsborough,"53,432"
Holmes,"34,564"
Indian River,"89,294"
Jackson,"36,810"
Jefferson,"45,771"
Lafayette,"29,032"
Lake,"45,880"
Lee,"59,300"
Leon,"49,821"
Levy,"40,271"
Liberty,"29,988"
Madison,"36,338"
Manatee,"55,550"
Marion,"41,960"
Martin,"95,026"
Miami-Dade,"57,713"
Monroe,"99,764"
Nassau,"66,227"
Okaloosa,"54,934"
Okeechobee,"35,985"
Orange,"49,597"
Osceola,"39,421"
Palm Beach,"92,773"
Pasco,"46,696"
Pinellas,"60,996"
Polk,"40,970"
Putnam,"37,129"
St. Johns,"76,387"
St. Lucie,"45,760"
Santa Rosa,"50,016"
Sarasota,"75,070"
Seminole,"52,916"
Sumter,"60,900"
Suwannee,"36,672"
Taylor,"33,070"
Union,"23,094"
Volusia,"48,620"
Wakulla,"41,625"
Walton,"74,926"
Washington,"33,656"
,
,
Appling,"38,878"
Atkinson,"32,402"
Bacon,"37,802"
Baker,"45,195"
Baldwin,"37,833"
Banks,"40,087"
Barrow,"41,378"
Bartow,"43,775"
Ben Hill,"35,427"
Berrien,"37,305"
Bibb,"43,592"
Bleckley,"38,355"
Brantley,"32,549"
Brooks,"38,394"
Bryan,"51,580"
Bulloch,"35,618"
Burke,"39,207"
Butts,"38,057"
Calhoun,"31,898"
Camden,"39,729"
Candler,"37,183"
Carroll,"44,014"
Catoosa,"39,530"
Charlton,"29,062"
Chatham,"51,482"
Chattahoochee,"36,007"
Chattooga,"33,948"
Cherokee,"56,552"
Clarke,"38,188"
Clay,"38,731"
Clayton,"32,446"
Clinch,"40,601"
Cobb,"63,105"
Coffee,"35,690"
Colquitt,"37,233"
Columbia,"55,920"
Cook,"36,344"
Coweta,"53,894"
Crawford,"37,733"
Crisp,"41,308"
Dade,"37,634"
Dawson,"50,904"
Decatur,"37,395"
DeKalb,"57,129"
Dodge,"34,346"
Dooly,"40,132"
Dougherty,"40,942"
Douglas,"41,066"
Early,"40,192"
Echols,"34,554"
Effingham,"44,887"
Elbert,"37,588"
Emanuel,"37,982"
Evans,"36,770"
Fannin,"43,024"
Fayette,"68,463"
Floyd,"41,411"
Forsyth,"68,985"
Franklin,"35,255"
Fulton,"95,825"
Gilmer,"38,886"
Glascock,"38,061"
Glynn,"52,149"
Gordon,"38,445"
Grady,"35,214"
Greene,"63,335"
Gwinnett,"46,705"
Habersham,"36,989"
Hall,"49,925"
Hancock,"32,961"
Haralson,"40,611"
Harris,"52,889"
Hart,"40,960"
Heard,"36,081"
Henry,"43,389"
Houston,"45,536"
Irwin,"37,925"
Jackson,"45,903"
Jasper,"41,228"
Jeff Davis,"35,826"
Jefferson,"38,396"
Jenkins,"34,673"
Johnson,"30,333"
Jones,"41,573"
Lamar,"38,669"
Lanier,"33,643"
Laurens,"40,198"
Lee,"47,008"
Liberty,"38,518"
Lincoln,"43,594"
Long,"36,566"
Lowndes,"41,037"
Lumpkin,"42,280"
McDuffie,"40,949"
McIntosh,"44,683"
Macon,"35,669"
Madison,"39,298"
Marion,"35,290"
Meriwether,"40,855"
Miller,"46,907"
Mitchell,"39,267"
Monroe,"49,781"
Montgomery,"35,598"
Morgan,"53,835"
Murray,"34,039"
Muscogee,"45,144"
Newton,"38,449"
Oconee,"72,145"
Oglethorpe,"39,427"
Paulding,"43,662"
Peach,"41,231"
Pickens,"51,623"
Pierce,"39,454"
Pike,"44,985"
Polk,"36,171"
Pulaski,"37,589"
Putnam,"49,574"
Quitman,"36,692"
Rabun,"47,292"
Randolph,"39,892"
Richmond,"41,051"
Rockdale,"39,358"
Schley,"39,972"
Screven,"37,736"
Seminole,"44,322"
Spalding,"39,157"
Stephens,"38,905"
Stewart,"31,652"
Sumter,"39,790"
Talbot,"42,057"
Taliaferro,"36,369"
Tattnall,"32,553"
Taylor,"34,501"
Telfair,"28,241"
Terrell,"42,819"
Thomas,"48,175"
Tift,"41,415"
Toombs,"39,359"
Towns,"43,802"
Treutlen,"34,542"
Troup,"41,915"
Turner,"34,612"
Twiggs,"41,800"
Union,"42,125"
Upson,"38,329"
Walker,"37,697"
Walton,"45,718"
Ware,"36,269"
Warren,"40,022"
Washington,"39,048"
Wayne,"34,619"
Webster,"41,223"
Wheeler,"22,227"
White,"43,695"
Whitfield,"44,590"
Wilcox,"28,996"
Wilkes,"42,864"
Wilkinson,"40,069"
Worth,"38,024"
,
,
Hawaii,"47,068"
Honolulu,"60,114"
Kauai,"53,608"
Maui + Kalawao,"53,586"
,
,
Ada,"58,976"
Adams,"42,496"
Bannock,"42,596"
Bear Lake,"43,776"
Benewah,"42,238"
Bingham,"41,008"
Blaine,"127,990"
Boise,"50,581"
Bonner,"47,782"
Bonneville,"55,037"
Boundary,"41,509"
Butte,"49,413"
Camas,"59,629"
Canyon,"39,017"
Caribou,"47,824"
Cassia,"48,220"
Clark,"48,687"
Clearwater,"39,465"
Custer,"47,771"
Elmore,"39,343"
Franklin,"40,038"
Fremont,"40,827"
Gem,"42,252"
Gooding,"63,489"
Idaho,"39,404"
Jefferson,"39,949"
Jerome,"41,646"
Kootenai,"51,109"
Latah,"47,859"
Lemhi,"48,508"
Lewis,"59,260"
Lincoln,"42,555"
Madison,"24,244"
Minidoka,"43,848"
Nez Perce,"48,279"
Oneida,"42,200"
Owyhee,"41,985"
Payette,"43,076"
Power,"44,237"
Shoshone,"41,787"
Teton,"47,705"
Twin Falls,"43,429"
Valley,"55,295"
Washington,"40,441"
,
,
Adams,"51,072"
Alexander,"47,088"
Bond,"40,863"
Boone,"50,785"
Brown,"42,396"
Bureau,"45,938"
Calhoun,"49,809"
Carroll,"45,742"
Cass,"44,095"
Champaign,"50,839"
Christian,"44,393"
Clark,"45,708"
Clay,"43,835"
Clinton,"52,677"
Coles,"49,333"
Cook,"67,558"
Crawford,"49,604"
Cumberland,"78,347"
DeKalb,"47,312"
De Witt,"52,177"
Douglas,"54,821"
DuPage,"79,901"
Edgar,"48,317"
Edwards,"46,220"
Effingham,"55,724"
Fayette,"40,215"
Ford,"56,396"
Franklin,"42,023"
Fulton,"42,623"
Gallatin,"45,909"
Greene,"44,275"
Grundy,"59,913"
Hamilton,"48,156"
Hancock,"50,006"
Hardin,"43,237"
Henderson,"47,473"
Henry,"50,273"
Iroquois,"50,377"
Jackson,"43,023"
Jasper,"48,543"
Jefferson,"44,355"
Jersey,"47,107"
Jo Daviess,"52,229"
Johnson,"37,515"
Kane,"58,186"
Kankakee,"47,846"
Kendall,"53,941"
Knox,"43,913"
Lake,"83,141"
LaSalle,"48,460"
Lawrence,"35,950"
Lee,"46,704"
Livingston,"52,002"
Logan,"42,169"
McDonough,"44,477"
McHenry,"59,737"
McLean,"55,203"
Macon,"51,804"
Macoupin,"45,687"
Madison,"51,846"
Marion,"46,572"
Marshall,"49,305"
Mason,"47,241"
Massac,"42,411"
Menard,"50,478"
Mercer,"51,623"
Monroe,"61,273"
Montgomery,"39,594"
Morgan,"45,084"
Moultrie,"69,993"
Ogle,"48,779"
Peoria,"54,337"
Perry,"41,138"
Piatt,"57,821"
Pike,"49,038"
Pope,"37,027"
Pulaski,"43,077"
Putnam,"66,005"
Randolph,"43,472"
Richland,"45,501"
Rock Island,"47,999"
St. Clair,"50,387"
Saline,"43,234"
Sangamon,"53,056"
Schuyler,"48,279"
Scott,"46,038"
Shelby,"46,683"
Stark,"48,612"
Stephenson,"46,579"
Tazewell,"52,046"
Union,"46,260"
Vermilion,"44,975"
Wabash,"47,397"
Warren,"46,032"
Washington,"53,581"
Wayne,"43,465"
White,"50,024"
Whiteside,"48,391"
Will,"57,813"
Williamson,"48,962"
Winnebago,"47,062"
Woodford,"56,401"
,
,
Adams,"42,799"
Allen,"50,640"
Bartholomew,"57,535"
Benton,"47,708"
Blackford,"40,164"
Boone,"80,234"
Brown,"51,632"
Carroll,"47,182"
Cass,"43,741"
Clark,"48,359"
Clay,"41,155"
Clinton,"41,545"
Crawford,"38,485"
Daviess,"48,845"
Dearborn,"52,083"
Decatur,"49,285"
DeKalb,"48,731"
Delaware,"42,000"
Dubois,"58,283"
Elkhart,"49,321"
Fayette,"43,818"
Floyd,"58,165"
Fountain,"44,585"
Franklin,"50,978"
Fulton,"45,545"
Gibson,"50,211"
Grant,"42,730"
Greene,"46,273"
Hamilton,"81,233"
Hancock,"54,658"
Harrison,"47,866"
Hendricks,"54,712"
Henry,"42,443"
Howard,"44,266"
Huntington,"45,486"
Jackson,"45,605"
Jasper,"50,378"
Jay,"42,428"
Jefferson,"47,176"
Jennings,"44,993"
Johnson,"53,112"
Knox,"49,308"
Kosciusko,"51,892"
Lagrange,"44,238"
Lake,"48,523"
LaPorte,"45,323"
Lawrence,"47,040"
Madison,"42,185"
Marion,"60,608"
Marshall,"46,031"
Martin,"45,326"
Miami,"37,084"
Monroe,"48,974"
Montgomery,"44,618"
Morgan,"47,662"
Newton,"45,837"
Noble,"44,250"
Ohio,"47,762"
Orange,"40,516"
Owen,"44,533"
Parke,"44,103"
Perry,"39,290"
Pike,"45,073"
Porter,"56,975"
Posey,"55,295"
Pulaski,"49,878"
Putnam,"42,380"
Randolph,"43,349"
Ripley,"45,942"
Rush,"49,214"
St. Joseph,"50,612"
Scott,"40,916"
Shelby,"47,828"
Spencer,"48,915"
Starke,"38,297"
Steuben,"48,787"
Sullivan,"39,300"
Switzerland,"39,226"
Tippecanoe,"43,243"
Tipton,"48,982"
Union,"43,019"
Vanderburgh,"51,565"
Vermillion,"41,723"
Vigo,"42,511"
Wabash,"46,803"
Warren,"48,047"
Warrick,"61,250"
Washington,"43,081"
Wayne,"45,140"
Wells,"45,661"
White,"47,617"
Whitley,"50,179"
,
Iowa,"53,312"
Adair,"54,324"
Adams,"53,550"
Allamakee,"49,538"
Appanoose,"43,053"
Audubon,"53,279"
Benton,"57,560"
Black Hawk,"48,983"
Boone,"51,104"
Bremer,"54,062"
Buchanan,"52,527"
Buena Vista,"45,550"
Butler,"49,855"
Calhoun,"50,233"
Carroll,"54,851"
Cass,"50,517"
Cedar,"56,933"
Cerro Gordo,"53,478"
Cherokee,"56,063"
Chickasaw,"58,687"
Clarke,"42,923"
Clay,"54,344"
Clayton,"55,732"
Clinton,"48,420"
Crawford,"45,659"
Dallas,"70,341"
Davis,"41,318"
Decatur,"38,817"
Delaware,"52,538"
Des Moines,"53,254"
Dickinson,"63,560"
Dubuque,"53,684"
Emmet,"45,761"
Fayette,"47,074"
Floyd,"49,861"
Franklin,"50,950"
Fremont,"53,171"
Greene,"52,189"
Grundy,"55,698"
Guthrie,"57,366"
Hamilton,"50,276"
Hancock,"52,914"
Hardin,"49,955"
Harrison,"48,857"
Henry,"45,033"
Howard,"51,067"
Humboldt,"51,870"
Ida,"57,586"
Iowa,"56,741"
Jackson,"49,345"
Jasper,"46,341"
Jefferson,"50,955"
Johnson,"57,009"
Jones,"48,104"
Keokuk,"48,468"
Kossuth,"52,736"
Lee,"45,316"
Linn,"56,373"
Louisa,"45,420"
Lucas,"44,451"
Lyon,"56,596"
Madison,"53,555"
Mahaska,"45,828"
Marion,"53,316"
Marshall,"47,059"
Mills,"61,481"
Mitchell,"58,720"
Monona,"49,494"
Monroe,"49,319"
Montgomery,"44,375"
Muscatine,"50,326"
O'Brien,"55,875"
Osceola,"48,976"
Page,"47,231"
Palo Alto,"49,216"
Plymouth,"56,761"
Pocahontas,"49,941"
Polk,"57,947"
Pottawattamie,"47,935"
Poweshiek,"49,442"
Ringgold,"51,565"
Sac,"56,444"
Scott,"57,360"
Shelby,"54,408"
Sioux,"54,716"
Story,"45,618"
Tama,"51,211"
Taylor,"46,861"
Union,"43,838"
Van Buren,"42,312"
Wapello,"42,551"
Warren,"54,617"
Washington,"59,627"
Wayne,"45,248"
Webster,"47,734"
Winnebago,"44,867"
Winneshiek,"54,556"
Woodbury,"46,975"
Worth,"45,956"
Wright,"48,666"
,
,
Allen,"45,635"
Anderson,"45,567"
Atchison,"42,396"
Barber,"51,763"
Barton,"51,237"
Bourbon,"45,653"
Brown,"48,769"
Butler,"49,703"
Chase,"63,086"
Chautauqua,"42,504"
Cherokee,"48,048"
Cheyenne,"56,260"
Clark,"58,136"
Clay,"47,886"
Cloud,"44,057"
Coffey,"56,637"
Comanche,"48,194"
Cowley,"42,623"
Crawford,"42,668"
Decatur,"54,249"
Dickinson,"46,708"
Doniphan,"46,313"
Douglas,"49,290"
Edwards,"61,594"
Elk,"42,831"
Ellis,"50,491"
Ellsworth,"45,169"
Finney,"44,599"
Ford,"43,865"
Franklin,"46,307"
Geary,"48,695"
Gove,"63,850"
Graham,"55,636"
Grant,"43,389"
Gray,"64,323"
Greeley,"83,743"
Greenwood,"46,373"
Hamilton,"72,299"
Harper,"57,680"
Harvey,"47,580"
Haskell,"62,329"
Hodgeman,"65,216"
Jackson,"47,644"
Jefferson,"49,792"
Jewell,"56,799"
Johnson,"81,020"
Kearny,"60,667"
Kingman,"48,832"
Kiowa,"51,912"
Labette,"46,796"
Lane,"69,724"
Leavenworth,"46,742"
Lincoln,"54,756"
Linn,"45,515"
Logan,"58,592"
Lyon,"44,157"
McPherson,"55,947"
Marion,"46,843"
Marshall,"48,437"
Meade,"67,486"
Miami,"53,526"
Mitchell,"70,316"
Montgomery,"40,841"
Morris,"51,167"
Morton,"49,035"
Nemaha,"57,969"
Neosho,"44,751"
Ness,"60,791"
Norton,"48,656"
Osage,"47,130"
Osborne,"51,497"
Ottawa,"46,244"
Pawnee,"45,468"
Phillips,"59,484"
Pottawatomie,"57,035"
Pratt,"53,421"
Rawlins,"69,786"
Reno,"45,089"
Republic,"47,678"
Rice,"46,852"
Riley,"46,108"
Rooks,"45,289"
Rush,"59,414"
Russell,"49,781"
Saline,"53,147"
Scott,"58,451"
Sedgwick,"55,122"
Seward,"41,839"
Shawnee,"51,008"
Sheridan,"56,134"
Sherman,"48,809"
Smith,"56,231"
Stafford,"49,991"
Stanton,"85,360"
Stevens,"50,989"
Sumner,"45,362"
Thomas,"50,599"
Trego,"56,758"
Wabaunsee,"55,142"
Wallace,"59,431"
Washington,"52,942"
Wichita,"58,891"
Wilson,"45,110"
Woodson,"42,420"
Wyandotte,"36,422"
,
,
Adair,"37,409"
Allen,"37,077"
Anderson,"42,309"
Ballard,"45,690"
Barren,"40,241"
Bath,"34,299"
Bell,"37,095"
Boone,"53,445"
Bourbon,"51,145"
Boyd,"42,757"
Boyle,"43,226"
Bracken,"41,421"
Breathitt,"35,222"
Breckinridge,"39,121"
Bullitt,"46,834"
Butler,"39,306"
Caldwell,"40,176"
Calloway,"42,036"
Campbell,"55,115"
Carlisle,"46,005"
Carroll,"41,578"
Carter,"36,134"
Casey,"36,825"
Christian,"41,809"
Clark,"44,012"
Clay,"34,389"
Clinton,"39,474"
Crittenden,"39,704"
Cumberland,"46,156"
Daviess,"46,394"
Edmonson,"37,853"
Elliott,"27,154"
Estill,"36,458"
Fayette,"56,482"
Fleming,"38,609"
Floyd,"39,909"
Franklin,"46,755"
Fulton,"35,844"
Gallatin,"38,764"
Garrard,"40,329"
Grant,"41,934"
Graves,"42,632"
Grayson,"39,577"
Green,"39,385"
Greenup,"44,283"
Hancock,"42,781"
Hardin,"48,193"
Harlan,"34,304"
Harrison,"41,120"
Hart,"36,774"
Henderson,"45,247"
Henry,"44,800"
Hickman,"42,155"
Hopkins,"42,536"
Jackson,"34,343"
Jefferson,"57,290"
Jessamine,"51,543"
Johnson,"37,208"
Kenton,"63,533"
Knott,"36,448"
Knox,"35,312"
Larue,"41,291"
Laurel,"37,362"
Lawrence,"34,590"
Lee,"32,876"
Leslie,"35,932"
Letcher,"35,818"
Lewis,"36,513"
Lincoln,"37,441"
Livingston,"44,169"
Logan,"40,765"
Lyon,"39,460"
McCracken,"52,296"
McCreary,"31,370"
McLean,"41,707"
Madison,"40,275"
Magoffin,"39,470"
Marion,"40,610"
Marshall,"46,261"
Martin,"32,984"
Mason,"44,145"
Meade,"43,040"
Menifee,"37,592"
Mercer,"39,945"
Metcalfe,"34,628"
Monroe,"39,461"
Montgomery,"39,770"
Morgan,"30,732"
Muhlenberg,"37,023"
Nelson,"47,852"
Nicholas,"37,934"
Ohio,"36,448"
Oldham,"68,532"
Owen,"36,536"
Owsley,"39,487"
Pendleton,"46,909"
Perry,"39,558"
Pike,"39,062"
Powell,"34,947"
Pulaski,"42,524"
Robertson,"38,772"
Rockcastle,"37,428"
Rowan,"34,847"
Russell,"41,673"
Scott,"49,207"
Shelby,"51,798"
Simpson,"40,876"
Spencer,"50,240"
Taylor,"39,022"
Todd,"41,776"
Trigg,"43,726"
Trimble,"43,854"
Union,"43,417"
Warren,"41,516"
Washington,"42,401"
Wayne,"34,737"
Webster,"41,820"
Whitley,"38,398"
Wolfe,"39,286"
Woodford,"56,003"
,
,
Acadia,"43,800"
Allen,"41,335"
Ascension,"55,067"
Assumption,"52,452"
Avoyelles,"42,588"
Beauregard,"47,500"
Bienville,"42,743"
Bossier,"48,685"
Caddo,"53,120"
Calcasieu,"47,033"
Caldwell,"39,210"
Cameron,"58,059"
Catahoula,"40,839"
Claiborne,"40,076"
Concordia,"39,748"
De Soto,"47,201"
East Baton Rouge,"55,983"
East Carroll,"36,557"
East Feliciana,"44,155"
Evangeline,"39,226"
Franklin,"37,627"
Grant,"35,264"
Iberia,"43,961"
Iberville,"49,075"
Jackson,"39,074"
Jefferson,"54,927"
Jefferson Davis,"45,304"
Lafayette,"54,881"
Lafourche,"47,063"
LaSalle,"36,200"
Lincoln,"42,437"
Livingston,"45,974"
Madison,"41,229"
Morehouse,"41,664"
Natchitoches,"43,373"
Orleans,"58,233"
Ouachita,"43,726"
Plaquemines,"51,841"
Pointe Coupee,"54,571"
Rapides,"50,556"
Red River,"50,003"
Richland,"42,971"
Sabine,"41,254"
St. Bernard,"39,448"
St. Charles,"53,773"
St. Helena,"46,176"
St. James,"57,847"
St. John the Baptist,"45,407"
St. Landry,"45,734"
St. Martin,"43,012"
St. Mary,"45,507"
St. Tammany,"66,999"
Tangipahoa,"44,234"
Tensas,"46,399"
Terrebonne,"46,751"
Union,"45,030"
Vermilion,"43,670"
Vernon,"44,514"
Washington,"38,878"
Webster,"46,378"
West Baton Rouge,"51,864"
West Carroll,"41,431"
West Feliciana,"42,753"
Winn,"43,630"
,
,
Androscoggin,"46,144"
Aroostook,"47,070"
Cumberland,"69,624"
Franklin,"44,219"
Hancock,"56,977"
Kennebec,"50,530"
Knox,"56,532"
Lincoln,"55,972"
Oxford,"42,694"
Penobscot,"47,574"
Piscataquis,"45,711"
Sagadahoc,"56,312"
Somerset,"43,610"
Waldo,"48,538"
Washington,"46,891"
York,"58,085"
,
,
Allegany,"45,070"
Anne Arundel,"72,003"
Baltimore,"65,502"
Calvert,"66,872"
Caroline,"48,287"
Carroll,"65,635"
Cecil,"51,681"
Charles,"60,334"
Dorchester,"49,363"
Frederick,"65,338"
Garrett,"49,772"
Harford,"62,868"
Howard,"82,041"
Kent,"63,494"
Montgomery,"87,507"
Prince George's,"51,300"
Queen Anne's,"71,470"
St. Mary's,"61,874"
Somerset,"33,037"
Talbot,"80,052"
Washington,"49,510"
Wicomico,"43,648"
Worcester,"60,440"
Baltimore City,"54,153"
,
,
Barnstable,"79,136"
Berkshire,"61,586"
Bristol,"61,116"
Dukes,"81,631"
Essex,"73,101"
Franklin,"60,297"
Hampden,"58,071"
Hampshire,"58,133"
Middlesex,"92,013"
Nantucket,"93,793"
Norfolk,"97,787"
Plymouth,"75,025"
Suffolk,"90,941"
Worcester,"61,577"
,
,
Alcona,"46,504"
Alger,"39,479"
Allegan,"50,402"
Alpena,"45,497"
Antrim,"53,579"
Arenac,"44,841"
Baraga,"39,616"
Barry,"49,975"
Bay,"47,430"
Benzie,"52,273"
Berrien,"54,303"
Branch,"41,384"
Calhoun,"44,796"
Cass,"51,045"
Charlevoix,"59,153"
Cheboygan,"45,719"
Chippewa,"40,410"
Clare,"38,991"
Clinton,"51,861"
Crawford,"42,782"
Delta,"44,204"
Dickinson,"50,975"
Eaton,"47,981"
Emmet,"63,571"
Genesee,"46,371"
Gladwin,"41,637"
Gogebic,"46,469"
Grand Traverse,"57,453"
Gratiot,"40,793"
Hillsdale,"39,486"
Houghton,"40,803"
Huron,"52,150"
Ingham,"46,669"
Ionia,"38,396"
Iosco,"44,079"
Iron,"47,339"
Isabella,"43,582"
Jackson,"44,152"
Kalamazoo,"54,954"
Kalkaska,"41,541"
Kent,"58,706"
Keweenaw,"56,579"
Lake,"37,938"
Lapeer,"49,285"
Leelanau,"75,114"
Lenawee,"44,112"
Livingston,"62,640"
Luce,"41,624"
Mackinac,"50,473"
Macomb,"51,798"
Manistee,"44,375"
Marquette,"44,933"
Mason,"46,365"
Mecosta,"41,440"
Menominee,"45,802"
Midland,"58,544"
Missaukee,"41,488"
Monroe,"50,472"
Montcalm,"38,314"
Montmorency,"43,272"
Muskegon,"44,159"
Newaygo,"42,134"
Oakland,"77,030"
Oceana,"43,760"
Ogemaw,"39,841"
Ontonagon,"45,324"
Osceola,"43,341"
Oscoda,"37,619"
Otsego,"46,664"
Ottawa,"53,507"
Presque Isle,"44,888"
Roscommon,"42,721"
Saginaw,"46,419"
St. Clair,"50,390"
St. Joseph,"43,372"
Sanilac,"44,249"
Schoolcraft,"46,639"
Shiawassee,"44,809"
Tuscola,"42,155"
Van Buren,"45,781"
Washtenaw,"64,636"
Wayne,"47,533"
Wexford,"41,937"
,
,
Aitkin,"46,856"
Anoka,"56,014"
Becker,"51,710"
Beltrami,"47,241"
Benton,"49,675"
Big Stone,"58,966"
Blue Earth,"49,109"
Brown,"57,177"
Carlton,"46,796"
Carver,"76,137"
Cass,"51,803"
Chippewa,"52,027"
Chisago,"54,113"
Clay,"47,440"
Clearwater,"51,893"
Cook,"56,400"
Cottonwood,"54,800"
Crow Wing,"49,561"
Dakota,"64,089"
Dodge,"52,462"
Douglas,"55,854"
Faribault,"49,095"
Fillmore,"49,006"
Freeborn,"49,480"
Goodhue,"57,401"
Grant,"53,681"
Hennepin,"80,429"
Houston,"55,330"
Hubbard,"53,768"
Isanti,"49,721"
Itasca,"48,240"
Jackson,"60,415"
Kanabec,"49,721"
Kandiyohi,"55,811"
Kittson,"63,269"
Koochiching,"49,257"
Lac qui Parle,"58,221"
Lake,"50,311"
Lake of the Woods,"56,693"
Le Sueur,"54,455"
Lincoln,"51,669"
Lyon,"55,067"
McLeod,"52,942"
Mahnomen,"41,569"
Marshall,"63,411"
Martin,"55,701"
Meeker,"49,515"
Mille Lacs,"47,312"
Morrison,"47,136"
Mower,"50,565"
Murray,"62,101"
Nicollet,"53,688"
Nobles,"52,093"
Norman,"49,702"
Olmsted,"62,179"
Otter Tail,"51,840"
Pennington,"59,713"
Pine,"43,572"
Pipestone,"58,005"
Polk,"53,803"
Pope,"55,881"
Ramsey,"58,217"
Red Lake,"57,090"
Redwood,"60,667"
Renville,"56,369"
Rice,"48,412"
Rock,"56,690"
Roseau,"54,279"
St. Louis,"51,537"
Scott,"65,602"
Sherburne,"52,201"
Sibley,"53,512"
Stearns,"53,151"
Steele,"50,483"
Stevens,"56,612"
Swift,"53,559"
Todd,"43,743"
Traverse,"68,763"
Wabasha,"55,622"
Wadena,"43,488"
Waseca,"47,174"
Washington,"72,430"
Watonwan,"50,842"
Wilkin,"58,334"
Winona,"53,431"
Wright,"55,217"
Yellow Medicine,"60,552"
,
,
Adams,"39,621"
Alcorn,"41,396"
Amite,"35,618"
Attala,"39,450"
Benton,"37,877"
Bolivar,"41,211"
Calhoun,"40,299"
Carroll,"41,232"
Chickasaw,"39,510"
Choctaw,"37,992"
Claiborne,"34,891"
Clarke,"41,601"
Clay,"43,638"
Coahoma,"41,488"
Copiah,"36,223"
Covington,"39,134"
DeSoto,"47,078"
Forrest,"40,216"
Franklin,"38,685"
George,"38,208"
Greene,"30,485"
Grenada,"38,553"
Hancock,"41,867"
Harrison,"42,037"
Hinds,"44,415"
Holmes,"33,280"
Humphreys,"39,903"
Issaquena,"32,026"
Itawamba,"39,016"
Jackson,"42,163"
Jasper,"41,334"
Jefferson,"37,139"
Jefferson Davis,"32,452"
Jones,"41,022"
Kemper,"36,166"
Lafayette,"45,615"
Lamar,"44,325"
Lauderdale,"44,001"
Lawrence,"37,809"
Leake,"34,488"
Lee,"48,080"
Leflore,"43,521"
Lincoln,"41,755"
Lowndes,"44,039"
Madison,"69,925"
Marion,"40,203"
Marshall,"39,947"
Monroe,"40,976"
Montgomery,"38,639"
Neshoba,"39,519"
Newton,"36,925"
Noxubee,"38,306"
Oktibbeha,"36,768"
Panola,"38,751"
Pearl River,"40,667"
Perry,"37,403"
Pike,"34,320"
Pontotoc,"38,936"
Prentiss,"34,953"
Quitman,"36,525"
Rankin,"48,595"
Scott,"32,961"
Sharkey,"44,102"
Simpson,"40,004"
Smith,"40,309"
Stone,"37,262"
Sunflower,"33,938"
Tallahatchie,"36,529"
Tate,"41,180"
Tippah,"42,300"
Tishomingo,"38,796"
Tunica,"39,893"
Union,"38,697"
Walthall,"35,664"
Warren,"44,905"
Washington,"41,701"
Wayne,"38,401"
Webster,"42,236"
Wilkinson,"34,316"
Winston,"39,796"
Yalobusha,"39,591"
Yazoo,"34,042"
,
,
Adair,"35,904"
Andrew,"47,612"
Atchison,"49,644"
Audrain,"41,328"
Barry,"38,718"
Barton,"40,842"
Bates,"44,537"
Benton,"40,715"
Bollinger,"41,916"
Boone,"51,723"
Buchanan,"43,594"
Butler,"40,610"
Caldwell,"42,976"
Callaway,"43,671"
Camden,"46,149"
Cape Girardeau,"46,449"
Carroll,"51,232"
Carter,"42,787"
Cass,"51,409"
Cedar,"34,960"
Chariton,"48,933"
Christian,"45,374"
Clark,"40,770"
Clay,"52,450"
Clinton,"46,082"
Cole,"52,134"
Cooper,"44,416"
Crawford,"40,033"
Dade,"38,902"
Dallas,"36,355"
Daviess,"36,377"
DeKalb,"36,198"
Dent,"39,091"
Douglas,"35,738"
Dunklin,"39,435"
Franklin,"49,094"
Gasconade,"43,585"
Gentry,"49,591"
Greene,"48,134"
Grundy,"38,424"
Harrison,"41,726"
Henry,"45,715"
Hickory,"36,800"
Holt,"56,930"
Howard,"44,142"
Howell,"38,446"
Iron,"38,593"
Jackson,"49,915"
Jasper,"41,265"
Jefferson,"46,665"
Johnson,"40,141"
Knox,"41,419"
Laclede,"39,088"
Lafayette,"46,053"
Lawrence,"37,596"
Lewis,"38,514"
Lincoln,"45,097"
Linn,"43,234"
Livingston,"43,802"
McDonald,"31,657"
Macon,"44,838"
Madison,"39,546"
Maries,"39,120"
Marion,"44,348"
Mercer,"35,568"
Miller,"41,385"
Mississippi,"36,534"
Moniteau,"43,446"
Monroe,"43,467"
Montgomery,"46,685"
Morgan,"44,776"
New Madrid,"43,079"
Newton,"42,442"
Nodaway,"37,241"
Oregon,"40,775"
Osage,"49,948"
Ozark,"36,728"
Pemiscot,"40,570"
Perry,"45,738"
Pettis,"40,827"
Phelps,"42,213"
Pike,"40,344"
Platte,"60,838"
Polk,"38,301"
Pulaski,"43,973"
Putnam,"39,446"
Ralls,"44,503"
Randolph,"43,507"
Ray,"45,644"
Reynolds,"40,045"
Ripley,"42,565"
St. Charles,"58,134"
St. Clair,"34,466"
Ste. Genevieve,"44,215"
St. Francois,"37,971"
St. Louis,"77,419"
Saline,"41,697"
Schuyler,"37,161"
Scotland,"41,903"
Scott,"44,714"
Shannon,"38,917"
Shelby,"43,499"
Stoddard,"40,868"
Stone,"44,432"
Sullivan,"44,289"
Taney,"40,130"
Texas,"34,186"
Vernon,"40,312"
Warren,"47,227"
Washington,"34,830"
Wayne,"39,972"
Webster,"37,195"
Worth,"40,892"
Wright,"36,432"
St. Louis City,"52,085"
,
,
Beaverhead,"53,114"
Big Horn,"35,760"
Blaine,"32,137"
Broadwater,"46,978"
Carbon,"58,553"
Carter,"41,071"
Cascade,"50,576"
Chouteau,"44,873"
Custer,"48,672"
Daniels,"59,209"
Dawson,"47,514"
Deer Lodge,"44,356"
Fallon,"48,531"
Fergus,"45,728"
Flathead,"55,764"
Gallatin,"65,225"
Garfield,"41,816"
Glacier,"41,271"
Golden Valley,"53,351"
Granite,"49,622"
Hill,"49,714"
Jefferson,"54,195"
Judith Basin,"52,026"
Lake,"44,565"
Lewis and Clark,"54,364"
Liberty,"60,873"
Lincoln,"42,915"
McCone,"42,057"
Madison,"70,067"
Meagher,"46,482"
Mineral,"44,492"
Missoula,"57,895"
Musselshell,"48,195"
Park,"55,812"
Petroleum,"36,335"
Phillips,"43,494"
Pondera,"56,521"
Powder River,"40,773"
Powell,"49,055"
Prairie,"54,058"
Ravalli,"53,310"
Richland,"59,934"
Roosevelt,"40,608"
Rosebud,"52,220"
Sanders,"41,201"
Sheridan,"53,773"
Silver Bow,"51,180"
Stillwater,"62,194"
Sweet Grass,"55,732"
Teton,"53,825"
Toole,"54,000"
Treasure,"56,527"
Valley,"50,260"
Wheatland,"43,115"
Wibaux,"45,705"
Yellowstone,"56,075"
,
,
Adams,"53,834"
Antelope,"71,488"
Arthur,"54,348"
Banner,"61,329"
Blaine,"66,390"
Boone,"66,670"
Box Butte,"50,917"
Boyd,"65,645"
Brown,"63,013"
Buffalo,"59,369"
Burt,"52,212"
Butler,"55,051"
Cass,"56,967"
Cedar,"58,553"
Chase,"68,404"
Cherry,"54,140"
Cheyenne,"51,608"
Clay,"58,528"
Colfax,"50,636"
Cuming,"72,236"
Custer,"56,374"
Dakota,"44,031"
Dawes,"44,425"
Dawson,"48,074"
Deuel,"43,499"
Dixon,"50,265"
Dodge,"52,163"
Douglas,"64,768"
Dundy,"85,446"
Fillmore,"62,796"
Franklin,"62,114"
Frontier,"47,254"
Furnas,"53,829"
Gage,"52,502"
Garden,"51,193"
Garfield,"54,226"
Gosper,"60,103"
Grant,"56,159"
Greeley,"59,544"
Hall,"47,179"
Hamilton,"60,279"
Harlan,"63,737"
Hayes,"81,633"
Hitchcock,"49,549"
Holt,"59,866"
Hooker,"48,980"
Howard,"52,024"
Jefferson,"52,524"
Johnson,"38,725"
Kearney,"63,956"
Keith,"48,869"
Keya Paha,"63,851"
Kimball,"52,000"
Knox,"53,730"
Lancaster,"53,827"
Lincoln,"53,436"
Logan,"57,256"
Loup,"65,201"
McPherson,"67,927"
Madison,"55,695"
Merrick,"52,538"
Morrill,"63,827"
Nance,"47,317"
Nemaha,"51,393"
Nuckolls,"59,933"
Otoe,"58,784"
Pawnee,"53,131"
Perkins,"75,072"
Phelps,"60,264"
Pierce,"62,386"
Platte,"52,458"
Polk,"57,864"
Red Willow,"51,790"
Richardson,"54,936"
Rock,"76,670"
Saline,"46,753"
Sarpy,"54,900"
Saunders,"57,644"
Scotts Bluff,"49,089"
Seward,"55,580"
Sheridan,"56,304"
Sherman,"51,164"
Sioux,"65,082"
Stanton,"54,803"
Thayer,"59,847"
Thomas,"59,914"
Thurston,"49,998"
Valley,"60,546"
Washington,"61,147"
Wayne,"48,187"
Webster,"54,802"
Wheeler,"72,748"
York,"54,506"
,
,
Churchill,"49,871"
Clark,"53,562"
Douglas,"81,033"
Elko,"50,436"
Esmeralda,"47,507"
Eureka,"47,833"
Humboldt,"50,801"
Lander,"69,536"
Lincoln,"49,336"
Lyon,"44,043"
Mineral,"47,029"
Nye,"39,534"
Pershing,"37,287"
Storey,"69,486"
Washoe,"65,674"
White Pine,"53,734"
Carson City,"55,239"
,
,
Belknap,"67,965"
Carroll,"66,897"
Cheshire,"58,093"
Coos,"49,535"
Grafton,"70,687"
Hillsborough,"67,127"
Merrimack,"64,478"
Rockingham,"82,496"
Strafford,"57,449"
Sullivan,"59,379"
,
,
Atlantic,"55,273"
Bergen,"90,759"
Burlington,"65,654"
Camden,"57,483"
Cape May,"68,326"
Cumberland,"43,844"
Essex,"68,192"
Gloucester,"58,909"
Hudson,"65,509"
Hunterdon,"93,279"
Mercer,"71,990"
Middlesex,"64,920"
Monmouth,"86,029"
Morris,"100,617"
Ocean,"56,831"
Passaic,"54,514"
Salem,"52,936"
Somerset,"106,558"
Sussex,"66,431"
Union,"70,955"
Warren,"58,755"
,
,
Bernalillo,"49,817"
Catron,"36,786"
Chaves,"42,594"
Cibola,"31,700"
Colfax,"44,671"
Curry,"48,757"
De Baca,"54,946"
Doña Ana,"41,597"
Eddy,"59,518"
Grant,"44,295"
Guadalupe,"37,162"
Harding,"46,965"
Hidalgo,"47,293"
Lea,"45,169"
Lincoln,"45,210"
Los Alamos,"75,949"
Luna,"35,385"
McKinley,"31,889"
Mora,"48,632"
Otero,"38,978"
Quay,"41,017"
Rio Arriba,"38,992"
Roosevelt,"43,456"
Sandoval,"47,989"
San Juan,"38,835"
San Miguel,"41,194"
Santa Fe,"65,042"
Sierra,"45,403"
Socorro,"38,874"
Taos,"41,670"
Torrance,"38,437"
Union,"40,294"
Valencia,"39,980"
,
,
Albany,"67,115"
Allegany,"40,558"
Bronx,"42,414"
Broome,"47,712"
Cattaraugus,"44,629"
Cayuga,"48,654"
Chautauqua,"44,998"
Chemung,"49,108"
Chenango,"47,183"
Clinton,"48,408"
Columbia,"61,949"
Cortland,"45,921"
Delaware,"46,157"
Dutchess,"63,333"
Erie,"55,229"
Essex,"51,020"
Franklin,"45,004"
Fulton,"48,587"
Genesee,"48,351"
Greene,"53,044"
Hamilton,"52,685"
Herkimer,"48,208"
Jefferson,"50,368"
Kings,"56,349"
Lewis,"51,181"
Livingston,"49,549"
Madison,"51,732"
Monroe,"57,252"
Montgomery,"46,018"
Nassau,"93,715"
New York,"175,327"
Niagara,"51,017"
Oneida,"49,821"
Onondaga,"57,760"
Ontario,"59,177"
Orange,"55,348"
Orleans,"44,078"
Oswego,"45,855"
Otsego,"50,111"
Putnam,"74,127"
Queens,"53,838"
Rensselaer,"54,643"
Richmond,"60,381"
Rockland,"64,854"
St. Lawrence,"42,821"
Saratoga,"71,652"
Schenectady,"58,435"
Schoharie,"49,123"
Schuyler,"46,769"
Seneca,"44,704"
Steuben,"51,050"
Suffolk,"76,687"
Sullivan,"51,175"
Tioga,"50,803"
Tompkins,"48,541"
Ulster,"57,057"
Warren,"59,267"
Washington,"46,149"
Wayne,"51,428"
Westchester,"112,096"
Wyoming,"45,927"
Yates,"46,399"
,
,
Alamance,"44,418"
Alexander,"42,147"
Alleghany,"42,648"
Anson,"42,055"
Ashe,"41,284"
Avery,"40,197"
Beaufort,"49,748"
Bertie,"42,000"
Bladen,"43,369"
Brunswick,"52,706"
Buncombe,"53,944"
Burke,"41,229"
Cabarrus,"49,592"
Caldwell,"40,147"
Camden,"52,032"
Carteret,"57,329"
Caswell,"38,866"
Catawba,"49,400"
Chatham,"70,130"
Cherokee,"37,421"
Chowan,"46,206"
Clay,"40,229"
Cleveland,"41,569"
Columbus,"40,202"
Craven,"50,408"
Cumberland,"43,028"
Currituck,"53,380"
Dare,"65,191"
Davidson,"44,191"
Davie,"53,558"
Duplin,"44,729"
Durham,"55,464"
Edgecombe,"40,755"
Forsyth,"52,167"
Franklin,"41,482"
Gaston,"44,739"
Gates,"45,113"
Graham,"39,698"
Granville,"43,069"
Greene,"35,457"
Guilford,"50,418"
Halifax,"40,677"
Harnett,"39,500"
Haywood,"45,709"
Henderson,"48,613"
Hertford,"38,879"
Hoke,"37,467"
Hyde,"45,957"
Iredell,"56,830"
Jackson,"39,950"
Johnston,"45,109"
Jones,"43,579"
Lee,"45,022"
Lenoir,"45,319"
Lincoln,"51,675"
McDowell,"39,398"
Macon,"45,095"
Madison,"39,775"
Martin,"38,674"
Mecklenburg,"66,863"
Mitchell,"40,735"
Montgomery,"42,133"
Moore,"57,819"
Nash,"46,885"
New Hanover,"54,391"
Northampton,"41,617"
Onslow,"46,972"
Orange,"69,593"
Pamlico,"49,603"
Pasquotank,"43,165"
Pender,"45,375"
Perquimans,"46,690"
Person,"42,737"
Pitt,"49,350"
Polk,"54,775"
Randolph,"41,954"
Richmond,"40,055"
Robeson,"36,880"
Rockingham,"41,249"
Rowan,"42,922"
Rutherford,"38,741"
Sampson,"40,646"
Scotland,"37,527"
Stanly,"43,279"
Stokes,"42,290"
Surry,"42,733"
Swain,"44,824"
Transylvania,"48,341"
Tyrrell,"43,515"
Union,"59,055"
Vance,"39,845"
Wake,"66,147"
Warren,"35,682"
Washington,"41,632"
Watauga,"43,559"
Wayne,"45,415"
Wilkes,"41,739"
Wilson,"44,562"
Yadkin,"41,874"
Yancey,"39,832"
,
,
Adams,"57,099"
Barnes,"63,045"
Benson,"49,406"
Billings,"83,228"
Bottineau,"68,775"
Bowman,"69,660"
Burke,"75,228"
Burleigh,"62,746"
Cass,"61,736"
Cavalier,"90,480"
Dickey,"68,779"
Divide,"65,123"
Dunn,"73,707"
Eddy,"69,336"
Emmons,"64,339"
Foster,"73,729"
Golden Valley,"44,263"
Grand Forks,"55,175"
Grant,"54,801"
Griggs,"68,358"
Hettinger,"59,125"
Kidder,"66,782"
LaMoure,"70,840"
Logan,"60,170"
McHenry,"62,880"
McIntosh,"70,439"
McKenzie,"66,159"
McLean,"64,151"
Mercer,"60,817"
Morton,"55,406"
Mountrail,"68,259"
Nelson,"71,728"
Oliver,"52,046"
Pembina,"71,085"
Pierce,"56,319"
Ramsey,"56,950"
Ransom,"60,122"
Renville,"79,383"
Richland,"53,248"
Rolette,"48,719"
Sargent,"68,049"
Sheridan,"61,315"
Sioux,"35,078"
Slope,"62,170"
Stark,"61,563"
Steele,"87,451"
Stutsman,"59,353"
Towner,"86,111"
Traill,"64,735"
Walsh,"61,427"
Ward,"57,047"
Wells,"76,369"
Williams,"61,077"
,
,
Adams,"40,100"
Allen,"47,314"
Ashland,"42,813"
Ashtabula,"43,074"
Athens,"38,491"
Auglaize,"51,426"
Belmont,"42,535"
Brown,"42,639"
Butler,"52,403"
Carroll,"45,217"
Champaign,"47,064"
Clark,"44,990"
Clermont,"61,442"
Clinton,"48,335"
Columbiana,"42,931"
Coshocton,"39,883"
Crawford,"42,508"
Cuyahoga,"58,767"
Darke,"47,615"
Defiance,"45,046"
Delaware,"80,000"
Erie,"54,141"
Fairfield,"52,052"
Fayette,"45,321"
Franklin,"55,376"
Fulton,"49,896"
Gallia,"44,973"
Geauga,"74,087"
Greene,"55,300"
Guernsey,"45,838"
Hamilton,"64,043"
Hancock,"55,871"
Hardin,"37,515"
Harrison,"43,497"
Henry,"49,383"
Highland,"41,304"
Hocking,"43,539"
Holmes,"50,516"
Huron,"44,947"
Jackson,"40,658"
Jefferson,"44,238"
Knox,"48,648"
Lake,"55,688"
Lawrence,"43,730"
Licking,"51,377"
Logan,"47,329"
Lorain,"51,518"
Lucas,"51,088"
Madison,"47,359"
Mahoning,"47,903"
Marion,"40,780"
Medina,"60,816"
Meigs,"40,789"
Mercer,"54,089"
Miami,"51,963"
Monroe,"42,900"
Montgomery,"51,883"
Morgan,"40,418"
Morrow,"45,968"
Muskingum,"46,224"
Noble,"31,322"
Ottawa,"57,760"
Paulding,"45,740"
Perry,"43,130"
Pickaway,"46,614"
Pike,"43,639"
Portage,"49,221"
Preble,"45,111"
Putnam,"53,906"
Richland,"43,561"
Ross,"42,468"
Sandusky,"45,645"
Scioto,"43,698"
Seneca,"44,981"
Shelby,"49,486"
Stark,"49,197"
Summit,"57,035"
Trumbull,"43,700"
Tuscarawas,"47,139"
Union,"61,633"
Van Wert,"46,137"
Vinton,"39,672"
Warren,"66,080"
Washington,"47,691"
Wayne,"49,525"
Williams,"45,983"
Wood,"51,122"
Wyandot,"50,254"
,
,
Adair,"36,005"
Alfalfa,"40,128"
Atoka,"34,326"
Beaver,"56,870"
Beckham,"37,821"
Blaine,"45,732"
Bryan,"40,318"
Caddo,"41,445"
Canadian,"47,987"
Carter,"45,673"
Cherokee,"37,729"
Choctaw,"36,804"
Cimarron,"62,184"
Cleveland,"47,292"
Coal,"40,718"
Comanche,"45,353"
Cotton,"49,068"
Craig,"41,011"
Creek,"45,323"
Custer,"42,941"
Delaware,"37,927"
Dewey,"51,015"
Ellis,"53,911"
Garfield,"44,850"
Garvin,"46,164"
Grady,"44,915"
Grant,"54,509"
Greer,"33,100"
Harmon,"45,852"
Harper,"52,763"
Haskell,"37,707"
Hughes,"40,999"
Jackson,"45,539"
Jefferson,"40,359"
Johnston,"40,616"
Kay,"44,804"
Kingfisher,"61,709"
Kiowa,"42,364"
Latimer,"38,117"
Le Flore,"36,472"
Lincoln,"41,876"
Logan,"45,694"
Love,"41,135"
McClain,"50,262"
McCurtain,"37,605"
McIntosh,"40,174"
Major,"43,220"
Marshall,"41,119"
Mayes,"41,812"
Murray,"45,070"
Muskogee,"40,934"
Noble,"47,928"
Nowata,"42,909"
Okfuskee,"34,939"
Oklahoma,"58,984"
Okmulgee,"38,936"
Osage,"39,439"
Ottawa,"42,066"
Pawnee,"41,104"
Payne,"41,541"
Pittsburg,"40,110"
Pontotoc,"48,300"
Pottawatomie,"42,897"
Pushmataha,"35,987"
Roger Mills,"46,890"
Rogers,"49,464"
Seminole,"38,386"
Sequoyah,"39,081"
Stephens,"45,647"
Texas,"51,093"
Tillman,"37,561"
Tulsa,"62,889"
Wagoner,"45,032"
Washington,"73,262"
Washita,"38,035"
Woods,"46,245"
Woodward,"39,048"
,
,
Baker,"44,857"
Benton,"50,628"
Clackamas,"66,419"
Clatsop,"49,063"
Columbia,"49,273"
Coos,"51,557"
Crook,"47,093"
Curry,"48,934"
Deschutes,"63,872"
Douglas,"46,948"
Gilliam,"64,369"
Grant,"47,602"
Harney,"44,912"
Hood River,"60,167"
Jackson,"52,410"
Jefferson,"39,948"
Josephine,"49,062"
Klamath,"44,133"
Lake,"44,274"
Lane,"51,272"
Lincoln,"48,876"
Linn,"48,357"
Malheur,"35,489"
Marion,"49,022"
Morrow,"48,990"
Multnomah,"64,858"
Polk,"45,835"
Sherman,"63,097"
Tillamook,"48,609"
Umatilla,"44,604"
Union,"46,076"
Wallowa,"48,880"
Wasco,"48,355"
Washington,"66,270"
Wheeler,"39,648"
Yamhill,"51,486"
,
Pennsylvania,"60,685"
Adams,"52,801"
Allegheny,"66,702"
Armstrong,"50,598"
Beaver,"53,495"
Bedford,"46,031"
Berks,"55,045"
Blair,"51,007"
Bradford,"46,144"
Bucks,"79,239"
Butler,"63,693"
Cambria,"46,609"
Cameron,"51,527"
Carbon,"56,231"
Centre,"52,699"
Chester,"91,122"
Clarion,"47,111"
Clearfield,"49,517"
Clinton,"47,075"
Columbia,"47,565"
Crawford,"45,838"
Cumberland,"61,296"
Dauphin,"55,487"
Delaware,"72,700"
Elk,"51,310"
Erie,"49,969"
Fayette,"47,448"
Forest,"28,305"
Franklin,"51,665"
Fulton,"48,242"
Greene,"47,846"
Huntingdon,"44,087"
Indiana,"44,804"
Jefferson,"47,510"
Juniata,"52,855"
Lackawanna,"51,419"
Lancaster,"58,214"
Lawrence,"48,385"
Lebanon,"52,399"
Lehigh,"58,227"
Luzerne,"49,172"
Lycoming,"48,075"
McKean,"48,118"
Mercer,"46,310"
Mifflin,"44,040"
Monroe,"49,469"
Montgomery,"84,342"
Montour,"60,685"
Northampton,"59,080"
Northumberland,"46,431"
Perry,"50,363"
Philadelphia,"56,685"
Pike,"52,415"
Potter,"47,845"
Schuylkill,"46,834"
Snyder,"47,418"
Somerset,"45,843"
Sullivan,"52,767"
Susquehanna,"51,186"
Tioga,"44,366"
Union,"47,782"
Venango,"47,240"
Warren,"46,945"
Washington,"61,945"
Wayne,"49,187"
Westmoreland,"56,620"
Wyoming,"52,731"
York,"54,808"
,
,
Bristol,"82,053"
Kent,"63,582"
Newport,"78,693"
Providence,"52,324"
Washington,"72,917"
,
,
Abbeville,"38,094"
Aiken,"48,208"
Allendale,"39,852"
Anderson,"43,933"
Bamberg,"38,795"
Barnwell,"38,813"
Beaufort,"66,301"
Berkeley,"45,454"
Calhoun,"46,304"
Charleston,"68,720"
Cherokee,"37,154"
Chester,"39,521"
Chesterfield,"36,209"
Clarendon,"40,794"
Colleton,"39,240"
Darlington,"44,051"
Dillon,"35,315"
Dorchester,"43,321"
Edgefield,"42,991"
Fairfield,"44,890"
Florence,"47,692"
Georgetown,"53,677"
Greenville,"52,376"
Greenwood,"41,762"
Hampton,"38,107"
Horry,"44,241"
Jasper,"39,314"
Kershaw,"46,901"
Lancaster,"51,986"
Laurens,"38,476"
Lee,"37,142"
Lexington,"51,900"
McCormick,"42,206"
Marion,"37,956"
Marlboro,"34,189"
Newberry,"43,190"
Oconee,"48,945"
Orangeburg,"38,860"
Pickens,"41,135"
Richland,"49,808"
Saluda,"40,423"
Spartanburg,"47,641"
Sumter,"42,961"
Union,"37,527"
Williamsburg,"37,456"
York,"52,800"
,
,
Aurora,"48,166"
Beadle,"52,156"
Bennett,"42,172"
Bon Homme,"42,965"
Brookings,"51,581"
Brown,"63,550"
Brule,"53,397"
Buffalo,"25,764"
Butte,"44,148"
Campbell,"67,948"
Charles Mix,"45,485"
Clark,"69,360"
Clay,"42,439"
Codington,"56,540"
Corson,"31,967"
Custer,"57,307"
Davison,"55,929"
Day,"62,749"
Deuel,"60,006"
Dewey,"50,885"
Douglas,"61,017"
Edmunds,"64,747"
Fall River,"48,905"
Faulk,"68,854"
Grant,"58,307"
Gregory,"53,369"
Haakon,"68,305"
Hamlin,"52,353"
Hand,"66,367"
Hanson,"71,333"
Harding,"49,327"
Hughes,"55,955"
Hutchinson,"58,623"
Hyde,"63,924"
Jackson,"35,221"
Jerauld,"54,371"
Jones,"57,309"
Kingsbury,"66,824"
Lake,"64,650"
Lawrence,"57,791"
Lincoln,"73,915"
Lyman,"47,700"
McCook,"59,210"
McPherson,"55,802"
Marshall,"71,354"
Meade,"47,918"
Mellette,"35,580"
Miner,"58,389"
Minnehaha,"66,044"
Moody,"61,461"
Oglala Lakota,"30,527"
Pennington,"61,312"
Perkins,"46,484"
Potter,"81,156"
Roberts,"46,077"
Sanborn,"62,682"
Spink,"71,992"
Stanley,"66,966"
Sully,"100,044"
Todd,"31,093"
Tripp,"53,339"
Turner,"63,596"
Union,"125,786"
Walworth,"54,683"
Yankton,"54,361"
Ziebach,"27,459"
,
,
Anderson,"47,198"
Bedford,"41,608"
Benton,"38,021"
Bledsoe,"30,830"
Blount,"49,002"
Bradley,"43,319"
Campbell,"38,706"
Cannon,"40,263"
Carroll,"37,686"
Carter,"37,632"
Cheatham,"49,389"
Chester,"39,057"
Claiborne,"39,045"
Clay,"34,540"
Cocke,"37,322"
Coffee,"43,805"
Crockett,"44,625"
Cumberland,"41,720"
Davidson,"74,857"
Decatur,"45,823"
DeKalb,"44,606"
Dickson,"45,932"
Dyer,"46,124"
Fayette,"62,949"
Fentress,"37,450"
Franklin,"43,348"
Gibson,"42,264"
Giles,"40,755"
Grainger,"38,242"
Greene,"39,047"
Grundy,"36,609"
Hamblen,"41,810"
Hamilton,"56,545"
Hancock,"31,325"
Hardeman,"32,742"
Hardin,"42,352"
Hawkins,"38,232"
Haywood,"36,712"
Henderson,"40,776"
Henry,"46,773"
Hickman,"37,869"
Houston,"36,475"
Humphreys,"41,538"
Jackson,"36,084"
Jefferson,"41,324"
Johnson,"35,623"
Knox,"56,206"
Lake,"26,127"
Lauderdale,"36,121"
Lawrence,"37,678"
Lewis,"39,399"
Lincoln,"44,963"
Loudon,"57,594"
McMinn,"40,753"
McNairy,"35,878"
Macon,"35,659"
Madison,"47,357"
Marion,"43,088"
Marshall,"43,516"
Maury,"48,017"
Meigs,"37,645"
Monroe,"39,204"
Montgomery,"45,493"
Moore,"45,380"
Morgan,"35,188"
Obion,"43,488"
Overton,"37,812"
Perry,"35,934"
Pickett,"42,952"
Polk,"35,848"
Putnam,"44,512"
Rhea,"39,571"
Roane,"46,373"
Robertson,"46,519"
Rutherford,"45,604"
Scott,"34,229"
Sequatchie,"41,286"
Sevier,"46,027"
Shelby,"54,427"
Smith,"44,033"
Stewart,"45,248"
Sullivan,"47,021"
Sumner,"54,570"
Tipton,"44,778"
Trousdale,"33,321"
Unicoi,"39,632"
Union,"36,826"
Van Buren,"34,664"
Warren,"38,892"
Washington,"48,475"
Wayne,"33,461"
Weakley,"41,133"
White,"37,603"
Williamson,"99,408"
Wilson,"54,619"
,
,
Anderson,"38,898"
Andrews,"49,329"
Angelina,"42,691"
Aransas,"56,433"
Archer,"57,669"
Armstrong,"58,244"
Atascosa,"43,238"
Austin,"55,151"
Bailey,"49,655"
Bandera,"55,731"
Bastrop,"39,956"
Baylor,"54,941"
Bee,"32,880"
Bell,"46,459"
Bexar,"48,348"
Blanco,"63,932"
Borden,"71,300"
Bosque,"46,807"
Bowie,"44,597"
Brazoria,"53,365"
Brazos,"43,484"
Brewster,"48,670"
Briscoe,"45,515"
Brooks,"40,399"
Brown,"43,001"
Burleson,"52,934"
Burnet,"55,779"
Caldwell,"37,189"
Calhoun,"58,732"
Callahan,"48,266"
Cameron,"34,040"
Camp,"42,896"
Carson,"47,782"
Cass,"43,281"
Castro,"75,830"
Chambers,"58,687"
Cherokee,"40,202"
Childress,"36,264"
Clay,"49,170"
Cochran,"46,391"
Coke,"46,405"
Coleman,"50,458"
Collin,"72,218"
Collingsworth,"47,999"
Colorado,"54,702"
Comal,"64,164"
Comanche,"47,532"
Concho,"34,970"
Cooke,"55,863"
Coryell,"35,113"
Cottle,"61,049"
Crane,"49,986"
Crockett,"53,533"
Crosby,"45,362"
Culberson,"66,079"
Dallam,"68,821"
Dallas,"66,125"
Dawson,"43,888"
Deaf Smith,"55,258"
Delta,"44,449"
Denton,"64,434"
DeWitt,"59,557"
Dickens,"46,630"
Dimmit,"50,347"
Donley,"46,722"
Duval,"47,167"
Eastland,"59,608"
Ector,"49,351"
Edwards,"73,295"
Ellis,"49,456"
El Paso,"40,768"
Erath,"44,773"
Falls,"40,389"
Fannin,"42,843"
Fayette,"61,840"
Fisher,"48,931"
Floyd,"44,760"
Foard,"54,722"
Fort Bend,"63,012"
Franklin,"47,316"
Freestone,"40,983"
Frio,"35,893"
Gaines,"47,535"
Galveston,"57,087"
Garza,"32,829"
Gillespie,"73,481"
Glasscock,"110,206"
Goliad,"52,404"
Gonzales,"49,879"
Gray,"46,632"
Grayson,"48,260"
Gregg,"49,827"
Grimes,"39,626"
Guadalupe,"49,296"
Hale,"39,454"
Hall,"38,506"
Hamilton,"72,264"
Hansford,"68,396"
Hardeman,"51,245"
Hardin,"50,697"
Harris,"61,643"
Harrison,"44,884"
Hartley,"76,075"
Haskell,"48,768"
Hays,"51,359"
Hemphill,"69,936"
Henderson,"44,938"
Hidalgo,"31,342"
Hill,"46,134"
Hockley,"48,966"
Hood,"57,625"
Hopkins,"46,014"
Houston,"45,960"
Howard,"46,964"
Hudspeth,"39,393"
Hunt,"43,345"
Hutchinson,"46,443"
Irion,"72,474"
Jack,"43,260"
Jackson,"47,949"
Jasper,"46,809"
Jeff Davis,"53,670"
Jefferson,"45,749"
Jim Hogg,"39,153"
Jim Wells,"47,267"
Johnson,"47,724"
Jones,"35,575"
Karnes,"63,098"
Kaufman,"46,288"
Kendall,"93,875"
Kenedy,"45,009"
Kent,"50,963"
Kerr,"57,402"
Kimble,"50,931"
King,"82,589"
Kinney,"40,219"
Kleberg,"42,083"
Knox,"46,817"
Lamar,"46,767"
Lamb,"49,815"
Lampasas,"55,465"
La Salle,"45,909"
Lavaca,"58,629"
Lee,"54,663"
Leon,"48,364"
Liberty,"40,839"
Limestone,"42,949"
Lipscomb,"94,821"
Live Oak,"42,590"
Llano,"56,744"
Loving,"96,194"
Lubbock,"47,931"
Lynn,"43,995"
McCulloch,"42,301"
McLennan,"45,808"
McMullen,"89,304"
Madison,"36,888"
Marion,"43,840"
Martin,"73,094"
Mason,"52,617"
Matagorda,"47,528"
Maverick,"35,436"
Medina,"46,766"
Menard,"44,122"
Midland,"110,378"
Milam,"41,208"
Mills,"49,340"
Mitchell,"33,486"
Montague,"43,419"
Montgomery,"66,440"
Moore,"50,379"
Morris,"44,101"
Motley,"41,872"
Nacogdoches,"42,073"
Navarro,"41,872"
Newton,"40,957"
Nolan,"47,428"
Nueces,"49,149"
Ochiltree,"55,494"
Oldham,"67,945"
Orange,"46,968"
Palo Pinto,"47,649"
Panola,"48,646"
Parker,"61,317"
Parmer,"55,989"
Pecos,"41,006"
Polk,"45,815"
Potter,"51,883"
Presidio,"55,514"
Rains,"38,962"
Randall,"53,165"
Reagan,"56,424"
Real,"52,249"
Red River,"49,198"
Reeves,"48,054"
Refugio,"49,471"
Roberts,"53,413"
Robertson,"47,569"
Rockwall,"66,943"
Runnels,"46,861"
Rusk,"41,911"
Sabine,"42,290"
San Augustine,"45,510"
San Jacinto,"43,626"
San Patricio,"47,470"
San Saba,"41,586"
Schleicher,"49,660"
Scurry,"44,706"
Shackelford,"88,578"
Shelby,"47,107"
Sherman,"95,726"
Smith,"55,832"
Somervell,"50,951"
Starr,"31,511"
Stephens,"45,360"
Sterling,"59,869"
Stonewall,"66,772"
Sutton,"64,619"
Swisher,"59,169"
Tarrant,"54,554"
Taylor,"51,172"
Terrell,"56,833"
Terry,"42,626"
Throckmorton,"44,690"
Titus,"43,404"
Tom Green,"55,927"
Travis,"73,982"
Trinity,"44,332"
Tyler,"39,764"
Upshur,"40,755"
Upton,"55,500"
Uvalde,"48,807"
Val Verde,"42,532"
Van Zandt,"41,673"
Victoria,"54,194"
Walker,"31,523"
Waller,"47,291"
Ward,"49,543"
Washington,"59,063"
Webb,"37,273"
Wharton,"48,423"
Wheeler,"46,553"
Wichita,"47,089"
Wilbarger,"53,397"
Willacy,"32,960"
Williamson,"57,236"
Wilson,"52,093"
Winkler,"60,555"
Wise,"50,376"
Wood,"44,730"
Yoakum,"49,127"
Young,"53,806"
Zapata,"29,865"
Zavala,"40,043"
,
,
Beaver,"43,658"
Box Elder,"42,295"
Cache,"43,253"
Carbon,"42,848"
Daggett,"50,894"
Davis,"50,820"
Duchesne,"41,279"
Emery,"39,031"
Garfield,"43,010"
Grand,"63,115"
Iron,"36,533"
Juab,"43,485"
Kane,"46,840"
Millard,"40,959"
Morgan,"58,768"
Piute,"48,017"
Rich,"41,668"
Salt Lake,"58,028"
San Juan,"32,289"
Sanpete,"36,656"
Sevier,"39,370"
Summit,"174,010"
Tooele,"42,321"
Uintah,"33,201"
Utah,"47,232"
Wasatch,"66,591"
Washington,"45,178"
Wayne,"50,067"
Weber,"46,230"
,
,
Addison,"57,156"
Bennington,"58,349"
Caledonia,"48,202"
Chittenden,"65,123"
Essex,"45,107"
Franklin,"52,392"
Grand Isle,"67,532"
Lamoille,"59,543"
Orange,"53,314"
Orleans,"49,879"
Rutland,"56,160"
Washington,"65,375"
Windham,"53,569"
Windsor,"65,431"
,
,
Accomack,"51,730"
Amelia,"46,379"
Amherst,"41,218"
Appomattox,"41,944"
Arlington,"100,687"
Bath,"68,508"
Bedford,"51,062"
Bland,"39,734"
Botetourt,"54,534"
Brunswick,"37,119"
Buchanan,"40,138"
Buckingham,"33,666"
Caroline,"46,568"
Charles City,"54,456"
Charlotte,"39,448"
Chesterfield,"57,829"
Clarke,"71,331"
Craig,"43,959"
Culpeper,"52,016"
Cumberland,"42,229"
Dickenson,"37,442"
Essex,"47,839"
Fauquier,"74,649"
Floyd,"43,470"
Fluvanna,"49,775"
Franklin,"47,241"
Giles,"43,685"
Gloucester,"52,410"
Goochland,"106,031"
Grayson,"35,407"
Greene,"47,440"
Halifax,"39,923"
Hanover,"65,636"
Henrico,"69,938"
Highland,"45,690"
Isle of Wight,"58,819"
King and Queen,"51,891"
King George,"59,255"
King William,"50,309"
Lancaster,"66,366"
Lee,"34,950"
Loudoun,"85,568"
Louisa,"47,474"
Lunenburg,"36,859"
Madison,"51,692"
Mathews,"62,724"
Mecklenburg,"41,430"
Middlesex,"56,167"
Nelson,"58,929"
New Kent,"85,427"
Northampton,"59,199"
Northumberland,"60,588"
Nottoway,"37,229"
Orange,"55,369"
Page,"42,618"
Patrick,"36,637"
Powhatan,"63,724"
Prince Edward,"36,074"
Pulaski,"43,597"
Rappahannock,"72,056"
Richmond,"42,137"
Russell,"37,141"
Scott,"36,009"
Shenandoah,"49,839"
Smyth,"40,617"
Stafford,"58,744"
Surry,"46,775"
Sussex,"35,242"
Tazewell,"40,339"
Warren,"50,644"
Westmoreland,"47,863"
Wythe,"39,930"
,
,
,
,
,
,
,
,
,
,
,
,
,
,
,
,
,
,
,
,
,
,
,
,
,
,
,
,
,
,
,
,
,
,
,
,
,
Adams,"45,040"
Asotin,"51,453"
Benton,"51,895"
Chelan,"59,082"
Clallam,"51,690"
Clark,"58,629"
Columbia,"65,425"
Cowlitz,"49,882"
Douglas,"45,899"
Ferry,"44,164"
Franklin,"42,756"
Garfield,"56,479"
Grant,"46,331"
Grays Harbor,"44,125"
Island,"60,419"
Jefferson,"57,847"
King,"99,734"
Kitsap,"62,308"
Kittitas,"50,624"
Klickitat,"53,026"
Lewis,"48,320"
Lincoln,"50,879"
Mason,"48,488"
Okanogan,"47,732"
Pacific,"43,968"
Pend Oreille,"48,116"
Pierce,"56,467"
San Juan,"84,496"
Skagit,"58,996"
Skamania,"54,042"
Snohomish,"63,477"
Spokane,"49,634"
Stevens,"43,570"
Thurston,"56,527"
Wahkiakum,"48,982"
Walla Walla,"50,520"
Whatcom,"54,927"
Whitman,"44,226"
Yakima,"47,315"
,
,
Barbour,"38,258"
Berkeley,"46,686"
Boone,"38,831"
Braxton,"39,143"
Brooke,"46,858"
Cabell,"46,506"
Calhoun,"38,841"
Clay,"36,743"
Doddridge,"35,077"
Fayette,"40,745"
Gilmer,"33,344"
Grant,"42,713"
Greenbrier,"44,179"
Hampshire,"40,634"
Hancock,"46,145"
Hardy,"36,312"
Harrison,"53,339"
Jackson,"42,681"
Jefferson,"55,879"
Kanawha,"52,256"
Lewis,"40,991"
Lincoln,"34,704"
Logan,"40,353"
McDowell,"31,221"
Marion,"45,569"
Marshall,"43,761"
Mason,"39,138"
Mercer,"41,102"
Mineral,"45,398"
Mingo,"34,489"
Monongalia,"49,890"
Monroe,"38,094"
Morgan,"41,709"
Nicholas,"38,165"
Ohio,"57,177"
Pendleton,"45,054"
Pleasants,"45,123"
Pocahontas,"47,166"
Preston,"39,956"
Putnam,"50,355"
Raleigh,"43,888"
Randolph,"42,982"
Ritchie,"48,184"
Roane,"37,521"
Summers,"39,250"
Taylor,"43,876"
Tucker,"48,388"
Tyler,"43,944"
Upshur,"38,085"
Wayne,"37,986"
Webster,"32,667"
Wetzel,"39,949"
Wirt,"37,662"
Wood,"48,212"
Wyoming,"31,806"
,
,
Adams,"44,057"
Ashland,"43,493"
Barron,"53,375"
Bayfield,"50,826"
Brown,"56,305"
Buffalo,"49,202"
Burnett,"46,226"
Calumet,"54,031"
Chippewa,"50,185"
Clark,"47,575"
Columbia,"56,566"
Crawford,"46,612"
Dane,"66,677"
Dodge,"47,937"
Door,"64,481"
Douglas,"46,003"
Dunn,"44,970"
Eau Claire,"52,528"
Florence,"58,794"
Fond du Lac,"53,124"
Forest,"44,154"
Grant,"48,773"
Green,"56,263"
Green Lake,"47,046"
Iowa,"53,878"
Iron,"50,558"
Jackson,"48,041"
Jefferson,"50,624"
Juneau,"42,982"
Kenosha,"52,452"
Kewaunee,"52,271"
La Crosse,"54,603"
Lafayette,"48,962"
Langlade,"48,118"
Lincoln,"49,098"
Manitowoc,"50,242"
Marathon,"55,055"
Marinette,"47,829"
Marquette,"45,977"
Menominee,"39,554"
Milwaukee,"51,567"
Monroe,"46,451"
Oconto,"50,519"
Oneida,"53,044"
Outagamie,"55,492"
Ozaukee,"87,897"
Pepin,"54,569"
Pierce,"51,123"
Polk,"49,919"
Portage,"50,872"
Price,"48,014"
Racine,"53,005"
Richland,"48,132"
Rock,"49,129"
Rusk,"48,208"
St. Croix,"59,997"
Sauk,"56,206"
Sawyer,"47,325"
Shawano,"47,291"
Sheboygan,"55,282"
Taylor,"47,580"
Trempealeau,"46,772"
Vernon,"45,812"
Vilas,"53,617"
Walworth,"54,477"
Washburn,"50,819"
Washington,"62,434"
Waukesha,"77,667"
Waupaca,"49,358"
Waushara,"44,479"
Winnebago,"51,751"
Wood,"50,185"
,
,
Albany,"46,056"
Big Horn,"45,433"
Campbell,"54,040"
Carbon,"62,318"
Converse,"68,246"
Crook,"49,756"
Fremont,"49,268"
Goshen,"47,900"
Hot Springs,"75,185"
Johnson,"58,260"
Laramie,"54,959"
Lincoln,"54,847"
Natrona,"67,229"
Niobrara,"50,469"
Park,"62,495"
Platte,"51,050"
Sheridan,"61,749"
Sublette,"62,780"
Sweetwater,"55,188"
Teton,"290,674"
Uinta,"42,704"
Washakie,"57,228"
Weston,"47,499"